stadium_Split,stadium_abbr,stadium_Hand,stadium_Year,stadium_G,stadium_PA,stadium_AB,stadium_R,stadium_H,stadium_2B,stadium_3B,stadium_HR,stadium_RBI,stadium_SB,stadium_CS,stadium_BB,stadium_SO,stadium_BA,stadium_OBP,stadium_SLG,stadium_OPS,stadium_TB,stadium_GDP,stadium_HBP,stadium_SH,stadium_SF,stadium_IBB,stadium_ROE,stadium_BAbip,stadium_tOPS+,stadium_sOPS+,stadium_stadium
s RHB@LAA-Angel Stad,LAA,R,2017.0,162.0,3721.0,3384.0,411.0,832.0,144.0,5.0,132.0,388.0,55.0,22.0,267.0,736.0,0.24600000000000002,0.306,0.408,0.715,1382.0,89.0,37.0,10.0,20.0,11.0,38.0,0.276,90.0,100.0,Angel Stadium
as LHB@LAA-Angel Stad,LAA,L,2017.0,162.0,2304.0,2085.0,280.0,510.0,97.0,8.0,70.0,270.0,41.0,18.0,179.0,503.0,0.245,0.309,0.4,0.7090000000000001,833.0,40.0,22.0,4.0,14.0,13.0,12.0,0.28800000000000003,89.0,100.0,Angel Stadium
as RHB@TEX-Rangers Bpk,TEX,R,2017.0,162.0,3704.0,3288.0,497.0,887.0,190.0,10.0,131.0,472.0,66.0,19.0,323.0,723.0,0.27,0.341,0.45299999999999996,0.795,1490.0,92.0,50.0,13.0,30.0,10.0,36.0,0.307,112.0,100.0,Globe Life Park in Arlington
as LHB@TEX-Rangers Bpk,TEX,L,2017.0,161.0,2589.0,2263.0,389.0,585.0,104.0,7.0,108.0,370.0,40.0,20.0,275.0,538.0,0.259,0.34600000000000003,0.45399999999999996,0.8,1027.0,50.0,34.0,7.0,10.0,9.0,28.0,0.293,113.0,100.0,Globe Life Park in Arlington
as LHB@ARI-Chase Field,ARI,L,2017.0,161.0,2544.0,2278.0,284.0,560.0,122.0,18.0,73.0,267.0,33.0,7.0,224.0,605.0,0.24600000000000002,0.315,0.41100000000000003,0.726,937.0,34.0,12.0,18.0,12.0,13.0,22.0,0.302,94.0,100.0,Chase Field
as RHB@ARI-Chase Field,ARI,R,2017.0,162.0,3667.0,3256.0,519.0,854.0,217.0,24.0,142.0,496.0,63.0,17.0,330.0,868.0,0.262,0.336,0.475,0.81,1545.0,68.0,38.0,24.0,18.0,34.0,30.0,0.314,115.0,100.0,Chase Field
as RHB@ATL-SunTrust Pk,ATL,R,2017.0,162.0,3329.0,2987.0,397.0,779.0,168.0,9.0,92.0,379.0,51.0,13.0,245.0,660.0,0.261,0.32299999999999995,0.415,0.738,1241.0,76.0,38.0,40.0,18.0,25.0,35.0,0.305,97.0,100.0,SunTrust Park
as LHB@ATL-SunTrust Pk,ATL,L,2017.0,162.0,2924.0,2604.0,370.0,700.0,148.0,17.0,82.0,358.0,28.0,21.0,259.0,552.0,0.26899999999999996,0.34,0.433,0.773,1128.0,42.0,30.0,16.0,15.0,25.0,14.0,0.311,107.0,100.0,SunTrust Park
as RHB@BAL-Camden Yards,BAL,R,2017.0,162.0,4371.0,4014.0,561.0,1066.0,183.0,8.0,184.0,541.0,36.0,18.0,297.0,897.0,0.266,0.32,0.45299999999999996,0.773,1817.0,109.0,34.0,6.0,20.0,7.0,38.0,0.299,105.0,100.0,Oriole Park at Camden Yards
as LHB@BAL-Camden Yards,BAL,L,2017.0,161.0,1945.0,1700.0,241.0,446.0,86.0,4.0,78.0,234.0,14.0,13.0,211.0,403.0,0.262,0.348,0.455,0.8029999999999999,774.0,34.0,18.0,3.0,12.0,11.0,8.0,0.299,114.0,100.0,Oriole Park at Camden Yards
as RHB@BOS-Fenway Pk,BOS,R,2017.0,162.0,3934.0,3585.0,462.0,938.0,195.0,10.0,102.0,436.0,41.0,20.0,299.0,836.0,0.262,0.32,0.40700000000000003,0.727,1459.0,99.0,21.0,7.0,22.0,17.0,48.0,0.313,94.0,100.0,Fenway Park
as LHB@BOS-Fenway Pk,BOS,L,2017.0,162.0,2399.0,2143.0,274.0,554.0,116.0,8.0,62.0,256.0,42.0,15.0,208.0,566.0,0.259,0.32899999999999996,0.40700000000000003,0.736,872.0,41.0,27.0,3.0,18.0,17.0,14.0,0.321,97.0,100.0,Fenway Park
as RHB@CHC-Wrigley Fld,CHC,R,2017.0,162.0,3411.0,3016.0,451.0,748.0,139.0,14.0,115.0,431.0,55.0,19.0,300.0,801.0,0.248,0.322,0.418,0.74,1260.0,71.0,41.0,33.0,21.0,28.0,40.0,0.298,98.0,100.0,Wrigley Field
as LHB@CHC-Wrigley Fld,CHC,L,2017.0,162.0,2846.0,2455.0,354.0,632.0,136.0,12.0,94.0,338.0,37.0,12.0,309.0,609.0,0.257,0.349,0.43700000000000006,0.787,1074.0,58.0,47.0,15.0,18.0,16.0,20.0,0.304,110.0,100.0,Wrigley Field
as RHB@CWS-Guaranteed,CWS,R,2017.0,162.0,3991.0,3569.0,518.0,903.0,186.0,20.0,143.0,489.0,64.0,15.0,318.0,915.0,0.253,0.322,0.43700000000000006,0.759,1558.0,95.0,59.0,19.0,25.0,16.0,65.0,0.3,102.0,100.0,Guaranteed Rate Field
as LHB@CWS-Guaranteed,CWS,L,2017.0,159.0,2132.0,1876.0,246.0,442.0,62.0,11.0,87.0,230.0,27.0,9.0,215.0,431.0,0.23600000000000002,0.32,0.42,0.74,787.0,39.0,24.0,5.0,11.0,7.0,21.0,0.259,97.0,100.0,Guaranteed Rate Field
as RHB@CIN-GreatAmer BP,CIN,R,2017.0,162.0,3513.0,3123.0,416.0,760.0,166.0,18.0,122.0,395.0,63.0,28.0,296.0,825.0,0.243,0.316,0.425,0.741,1328.0,57.0,45.0,28.0,21.0,13.0,23.0,0.29,97.0,100.0,Great American Ball Park
as LHB@CIN-GreatAmer BP,CIN,L,2017.0,162.0,2711.0,2330.0,403.0,612.0,117.0,15.0,122.0,391.0,35.0,14.0,315.0,539.0,0.263,0.355,0.483,0.838,1125.0,53.0,31.0,13.0,20.0,34.0,18.0,0.29,123.0,100.0,Great American Ball Park
as RHB@CLE-Progressive,CLE,R,2017.0,162.0,3186.0,2876.0,327.0,668.0,133.0,4.0,87.0,310.0,38.0,14.0,265.0,846.0,0.23199999999999998,0.299,0.37200000000000005,0.6709999999999999,1070.0,81.0,17.0,11.0,16.0,4.0,26.0,0.297,80.0,100.0,Progressive Field
as LHB@CLE-Progressive,CLE,L,2017.0,162.0,2820.0,2548.0,354.0,682.0,167.0,12.0,98.0,340.0,30.0,17.0,222.0,563.0,0.268,0.32899999999999996,0.45799999999999996,0.787,1167.0,49.0,22.0,9.0,19.0,18.0,24.0,0.306,109.0,100.0,Progressive Field
as RHB@COL-Coors Fld,COL,R,2017.0,162.0,3723.0,3313.0,558.0,921.0,180.0,28.0,129.0,538.0,37.0,18.0,318.0,781.0,0.278,0.344,0.466,0.81,1544.0,107.0,28.0,35.0,28.0,19.0,31.0,0.326,116.0,100.0,Coors Field
as LHB@COL-Coors Fld,COL,L,2017.0,161.0,2511.0,2240.0,345.0,665.0,135.0,33.0,79.0,333.0,18.0,8.0,229.0,481.0,0.297,0.363,0.49200000000000005,0.856,1103.0,57.0,11.0,19.0,12.0,14.0,14.0,0.34600000000000003,128.0,100.0,Coors Field
as RHB@DET-Comerica Pk,DET,R,2017.0,162.0,4164.0,3777.0,579.0,1058.0,207.0,27.0,151.0,567.0,41.0,22.0,308.0,767.0,0.28,0.34,0.469,0.809,1772.0,85.0,47.0,6.0,26.0,15.0,36.0,0.314,115.0,100.0,Comerica Park
as LHB@DET-Comerica Pk,DET,L,2017.0,160.0,2203.0,1943.0,299.0,538.0,100.0,13.0,66.0,283.0,28.0,9.0,209.0,429.0,0.27699999999999997,0.348,0.444,0.792,862.0,43.0,18.0,5.0,27.0,9.0,12.0,0.32,112.0,100.0,Comerica Park
as RHB@HOU-MinuteMaidPk,HOU,R,2017.0,156.0,3493.0,3145.0,417.0,812.0,185.0,6.0,135.0,396.0,53.0,23.0,274.0,721.0,0.258,0.324,0.45,0.774,1414.0,98.0,43.0,7.0,19.0,11.0,35.0,0.293,106.0,100.0,Minute Maid Park
as LHB@HOU-MinuteMaidPk,HOU,L,2017.0,155.0,2349.0,2095.0,276.0,508.0,90.0,10.0,77.0,269.0,56.0,9.0,204.0,553.0,0.242,0.312,0.405,0.7170000000000001,849.0,43.0,17.0,9.0,20.0,10.0,21.0,0.29,91.0,100.0,Minute Maid Park
as RHB@KC-KauffmanStad,KC,R,2017.0,162.0,3647.0,3336.0,410.0,862.0,178.0,25.0,89.0,388.0,41.0,18.0,245.0,682.0,0.258,0.311,0.40700000000000003,0.718,1357.0,94.0,24.0,12.0,29.0,6.0,29.0,0.298,92.0,100.0,Kauffman Stadium
as LHB@KC-KauffmanStad,KC,L,2017.0,162.0,2409.0,2160.0,308.0,571.0,99.0,10.0,85.0,294.0,45.0,11.0,205.0,465.0,0.264,0.331,0.43799999999999994,0.769,945.0,42.0,19.0,8.0,17.0,11.0,18.0,0.299,105.0,100.0,Kauffman Stadium
as RHB@LAD-Dodger Stad,LAD,R,2017.0,162.0,3412.0,3055.0,352.0,695.0,149.0,11.0,103.0,333.0,34.0,17.0,289.0,880.0,0.22699999999999998,0.297,0.385,0.682,1175.0,68.0,23.0,27.0,18.0,18.0,37.0,0.28300000000000003,82.0,100.0,Dodger Stadium
as LHB@LAD-Dodger Stad,LAD,L,2017.0,161.0,2581.0,2301.0,313.0,561.0,118.0,4.0,100.0,299.0,29.0,12.0,230.0,585.0,0.244,0.318,0.429,0.747,987.0,37.0,26.0,10.0,14.0,20.0,16.0,0.28300000000000003,99.0,100.0,Dodger Stadium
as RHB@MIA-Marlins Pk,MIA,R,2017.0,156.0,3234.0,2856.0,411.0,726.0,121.0,16.0,109.0,392.0,56.0,19.0,289.0,680.0,0.254,0.32899999999999996,0.42200000000000004,0.7509999999999999,1206.0,72.0,37.0,34.0,18.0,27.0,20.0,0.29600000000000004,101.0,100.0,Marlins Park
as LHB@MIA-Marlins Pk,MIA,L,2017.0,156.0,2750.0,2425.0,294.0,621.0,99.0,19.0,60.0,278.0,26.0,15.0,258.0,510.0,0.256,0.332,0.387,0.718,938.0,48.0,27.0,16.0,22.0,21.0,17.0,0.299,93.0,100.0,Marlins Park
as RHB@MIL-Miller Pk,MIL,R,2017.0,162.0,3668.0,3304.0,431.0,824.0,169.0,14.0,120.0,413.0,74.0,24.0,289.0,881.0,0.249,0.315,0.418,0.733,1381.0,75.0,36.0,25.0,14.0,17.0,37.0,0.304,95.0,100.0,Miller Park
as LHB@MIL-Miller Pk,MIL,L,2017.0,162.0,2513.0,2204.0,306.0,559.0,121.0,8.0,90.0,282.0,51.0,13.0,269.0,594.0,0.254,0.33899999999999997,0.43799999999999994,0.777,966.0,59.0,21.0,10.0,9.0,27.0,22.0,0.307,107.0,100.0,Miller Park
as RHB@MIN-Target Field,MIN,R,2017.0,162.0,3338.0,2959.0,427.0,798.0,152.0,17.0,123.0,411.0,34.0,15.0,307.0,720.0,0.27,0.344,0.457,0.802,1353.0,59.0,40.0,14.0,18.0,26.0,22.0,0.316,113.0,100.0,Target Field
as LHB@MIN-Target Field,MIN,L,2017.0,160.0,3014.0,2699.0,411.0,729.0,143.0,16.0,109.0,392.0,47.0,10.0,261.0,545.0,0.27,0.33799999999999997,0.456,0.794,1231.0,45.0,25.0,11.0,18.0,13.0,17.0,0.301,111.0,100.0,Target Field
as LHB@NYM-Citi Field,NYM,L,2017.0,168.0,3138.0,2750.0,369.0,675.0,139.0,13.0,101.0,356.0,38.0,13.0,330.0,663.0,0.245,0.33,0.41600000000000004,0.745,1143.0,51.0,25.0,13.0,19.0,23.0,30.0,0.28600000000000003,100.0,100.0,Citi Field
as RHB@NYM-Citi Field,NYM,R,2017.0,168.0,3279.0,2942.0,383.0,729.0,135.0,9.0,100.0,366.0,48.0,14.0,246.0,743.0,0.248,0.311,0.402,0.713,1182.0,65.0,37.0,29.0,25.0,19.0,31.0,0.29600000000000004,90.0,100.0,Citi Field
as LHB@NYY-Yankee Stad3,NYY,L,2017.0,161.0,2294.0,2030.0,271.0,473.0,82.0,4.0,87.0,254.0,25.0,12.0,212.0,550.0,0.233,0.31,0.406,0.716,824.0,29.0,22.0,10.0,15.0,4.0,24.0,0.27399999999999997,91.0,100.0,Yankee Stadium
as RHB@NYY-Yankee Stad3,NYY,R,2017.0,162.0,3813.0,3414.0,495.0,837.0,146.0,11.0,156.0,471.0,57.0,15.0,342.0,949.0,0.245,0.317,0.431,0.748,1473.0,66.0,26.0,8.0,22.0,10.0,43.0,0.292,99.0,100.0,Yankee Stadium
as RHB@OAK-Oakland Col.,OAK,R,2017.0,162.0,3760.0,3397.0,512.0,863.0,199.0,21.0,140.0,488.0,56.0,19.0,290.0,874.0,0.254,0.317,0.449,0.765,1524.0,88.0,35.0,9.0,28.0,4.0,42.0,0.3,103.0,100.0,Oakland Alameda County Coliseum
as LHB@OAK-Oakland Col.,OAK,L,2017.0,162.0,2454.0,2157.0,309.0,547.0,119.0,9.0,88.0,305.0,34.0,15.0,259.0,497.0,0.254,0.33399999999999996,0.439,0.774,948.0,35.0,13.0,5.0,20.0,13.0,21.0,0.28800000000000003,106.0,100.0,Oakland Alameda County Coliseum
as RHB@PHI-CitizensBank,PHI,R,2017.0,162.0,3376.0,3046.0,431.0,759.0,152.0,12.0,139.0,417.0,28.0,17.0,252.0,811.0,0.249,0.312,0.444,0.7559999999999999,1352.0,78.0,35.0,25.0,18.0,13.0,26.0,0.293,101.0,100.0,Citizens Bank Park
as LHB@PHI-CitizensBank,PHI,L,2017.0,162.0,2865.0,2534.0,331.0,667.0,131.0,21.0,92.0,319.0,38.0,9.0,275.0,626.0,0.263,0.33799999999999997,0.44,0.778,1116.0,41.0,23.0,8.0,24.0,14.0,20.0,0.313,108.0,100.0,Citizens Bank Park
as RHB@PIT-PNC Pk,PIT,R,2017.0,160.0,3822.0,3415.0,405.0,854.0,170.0,15.0,91.0,374.0,54.0,22.0,295.0,759.0,0.25,0.316,0.389,0.7040000000000001,1327.0,93.0,43.0,43.0,25.0,21.0,35.0,0.295,89.0,100.0,PNC Park
as LHB@PIT-PNC Pk,PIT,L,2017.0,159.0,2329.0,2090.0,267.0,553.0,122.0,11.0,61.0,254.0,30.0,10.0,206.0,419.0,0.265,0.335,0.42100000000000004,0.7559999999999999,880.0,32.0,18.0,9.0,6.0,15.0,23.0,0.304,102.0,100.0,PNC Park
as RHB@SDP-Petco Pk,SD,R,2017.0,162.0,3741.0,3364.0,421.0,780.0,143.0,22.0,121.0,391.0,47.0,24.0,299.0,914.0,0.23199999999999998,0.3,0.395,0.695,1330.0,93.0,35.0,25.0,18.0,14.0,38.0,0.281,85.0,100.0,Petco Park
as LHB@SDP-Petco Pk,SD,L,2017.0,159.0,2198.0,1944.0,222.0,474.0,89.0,5.0,61.0,211.0,28.0,15.0,203.0,501.0,0.244,0.321,0.389,0.71,756.0,37.0,23.0,16.0,12.0,7.0,15.0,0.29600000000000004,90.0,100.0,Petco Park
as RHB@SEA-Safeco Fld,SEA,R,2017.0,162.0,3724.0,3342.0,435.0,830.0,150.0,9.0,128.0,413.0,38.0,15.0,302.0,845.0,0.248,0.316,0.414,0.73,1382.0,101.0,42.0,10.0,28.0,13.0,24.0,0.293,95.0,100.0,T-Mobile Park
as LHB@SEA-Safeco Fld,SEA,L,2017.0,162.0,2400.0,2150.0,293.0,548.0,105.0,6.0,82.0,279.0,35.0,13.0,199.0,455.0,0.255,0.322,0.424,0.745,911.0,40.0,22.0,8.0,20.0,13.0,22.0,0.285,99.0,100.0,T-Mobile Park
as RHB@SFG-AT&T Pk,SF,R,2017.0,162.0,3499.0,3198.0,367.0,813.0,153.0,20.0,73.0,351.0,42.0,14.0,224.0,739.0,0.254,0.306,0.38299999999999995,0.6890000000000001,1225.0,65.0,23.0,32.0,22.0,18.0,34.0,0.307,84.0,100.0,Oracle Park
as LHB@SFG-AT&T Pk,SF,L,2017.0,162.0,2744.0,2449.0,283.0,612.0,141.0,24.0,45.0,272.0,31.0,17.0,242.0,487.0,0.25,0.32,0.382,0.7020000000000001,936.0,55.0,20.0,11.0,22.0,26.0,16.0,0.292,88.0,100.0,Oracle Park
as LHB@STL-Busch Stad 3,STL,L,2017.0,161.0,2355.0,2035.0,263.0,539.0,117.0,11.0,69.0,252.0,28.0,9.0,260.0,458.0,0.265,0.354,0.435,0.789,885.0,48.0,31.0,11.0,17.0,24.0,16.0,0.308,111.0,100.0,Busch Stadium
as RHB@STL-Busch Stad 3,STL,R,2017.0,162.0,3807.0,3410.0,427.0,840.0,150.0,18.0,105.0,412.0,38.0,26.0,283.0,884.0,0.24600000000000002,0.308,0.39299999999999996,0.701,1341.0,96.0,38.0,39.0,37.0,20.0,30.0,0.299,87.0,100.0,Busch Stadium
as RHB@TBR-TropicanaFld,TB,R,2017.0,162.0,3463.0,3113.0,397.0,758.0,131.0,15.0,119.0,373.0,54.0,18.0,272.0,840.0,0.243,0.31,0.41,0.72,1276.0,78.0,40.0,13.0,25.0,13.0,27.0,0.293,92.0,100.0,Tropicana Field
as LHB@TBR-TropicanaFld,TB,L,2017.0,161.0,2620.0,2327.0,281.0,543.0,99.0,11.0,79.0,266.0,46.0,13.0,249.0,646.0,0.233,0.311,0.387,0.698,901.0,44.0,20.0,4.0,18.0,24.0,20.0,0.28600000000000003,87.0,100.0,Tropicana Field
as RHB@TOR-Rogers Ctr,TOR,R,2017.0,162.0,3879.0,3474.0,471.0,902.0,208.0,6.0,138.0,452.0,48.0,12.0,334.0,802.0,0.26,0.32899999999999996,0.442,0.7709999999999999,1536.0,93.0,36.0,8.0,26.0,10.0,35.0,0.298,105.0,100.0,Rogers Centre
as LHB@TOR-Rogers Ctr,TOR,L,2017.0,161.0,2198.0,1978.0,247.0,470.0,92.0,9.0,66.0,235.0,42.0,11.0,181.0,494.0,0.23800000000000002,0.304,0.39299999999999996,0.6970000000000001,778.0,43.0,13.0,10.0,15.0,4.0,20.0,0.282,86.0,100.0,Rogers Centre
as RHB@WSN-Natls Park,WSH,R,2017.0,162.0,3375.0,3032.0,425.0,794.0,148.0,15.0,118.0,414.0,56.0,17.0,264.0,809.0,0.262,0.326,0.43700000000000006,0.764,1326.0,70.0,33.0,33.0,13.0,22.0,27.0,0.319,103.0,100.0,Nationals Park
as LHB@WSN-Natls Park,WSH,L,2017.0,161.0,2801.0,2501.0,341.0,667.0,139.0,6.0,88.0,329.0,55.0,9.0,245.0,583.0,0.267,0.33399999999999996,0.433,0.767,1082.0,54.0,19.0,14.0,22.0,32.0,20.0,0.313,105.0,100.0,Nationals Park
as RHB@PIT-BB&T Park,PIT,R,2017.0,2.0,53.0,49.0,3.0,13.0,4.0,0.0,1.0,3.0,0.0,0.0,3.0,12.0,0.265,0.321,0.408,0.7290000000000001,20.0,1.0,1.0,0.0,0.0,0.0,1.0,0.33299999999999996,95.0,100.0,PNC Park
as LHB@PIT-BB&T Park,PIT,L,2017.0,2.0,21.0,21.0,6.0,7.0,0.0,0.0,1.0,6.0,0.0,0.0,0.0,4.0,0.33299999999999996,0.33299999999999996,0.47600000000000003,0.81,10.0,0.0,0.0,0.0,0.0,0.0,0.0,0.375,115.0,100.0,PNC Park
as RHB@MIL-Miller Pk,MIL,R,2017.0,6.0,237.0,213.0,36.0,62.0,11.0,1.0,7.0,36.0,2.0,1.0,21.0,50.0,0.29100000000000004,0.354,0.451,0.805,96.0,5.0,1.0,0.0,2.0,2.0,1.0,0.348,115.0,100.0,Miller Park
as LHB@MIL-Miller Pk,MIL,L,2017.0,6.0,237.0,213.0,36.0,62.0,11.0,1.0,7.0,36.0,2.0,1.0,21.0,50.0,0.29100000000000004,0.354,0.451,0.805,96.0,5.0,1.0,0.0,2.0,2.0,1.0,0.348,115.0,100.0,Miller Park
as RHB@LAA-Angel Stad,LAA,R,2016.0,162.0,3928.0,3530.0,479.0,927.0,169.0,5.0,132.0,459.0,56.0,28.0,317.0,700.0,0.263,0.326,0.425,0.752,1502.0,94.0,33.0,12.0,34.0,12.0,45.0,0.29100000000000004,103.0,100.0,Angel Stadium
as LHB@LAA-Angel Stad,LAA,L,2016.0,162.0,2128.0,1931.0,209.0,470.0,82.0,10.0,55.0,195.0,26.0,8.0,157.0,401.0,0.243,0.302,0.382,0.684,737.0,44.0,13.0,11.0,15.0,5.0,18.0,0.27899999999999997,85.0,100.0,Angel Stadium
as RHB@TEX-Rangers Bpk,TEX,R,2016.0,162.0,3735.0,3368.0,504.0,953.0,178.0,13.0,122.0,490.0,57.0,22.0,290.0,655.0,0.28300000000000003,0.345,0.452,0.797,1523.0,100.0,39.0,15.0,23.0,14.0,34.0,0.318,116.0,100.0,Globe Life Park in Arlington
as LHB@TEX-Rangers Bpk,TEX,L,2016.0,161.0,2428.0,2184.0,312.0,559.0,87.0,16.0,91.0,301.0,41.0,14.0,202.0,505.0,0.256,0.324,0.435,0.759,951.0,49.0,24.0,2.0,16.0,8.0,30.0,0.292,105.0,100.0,Globe Life Park in Arlington
as LHB@ARI-Chase Field,ARI,L,2016.0,159.0,2230.0,1963.0,306.0,557.0,125.0,28.0,72.0,288.0,29.0,7.0,232.0,468.0,0.284,0.36,0.486,0.846,954.0,41.0,8.0,15.0,12.0,18.0,13.0,0.33799999999999997,128.0,100.0,Chase Field
as RHB@ARI-Chase Field,ARI,R,2016.0,162.0,4273.0,3847.0,598.0,1063.0,207.0,35.0,149.0,568.0,62.0,18.0,312.0,934.0,0.276,0.336,0.465,0.8,1787.0,88.0,48.0,31.0,34.0,28.0,34.0,0.327,116.0,100.0,Chase Field
as RHB@ATL-Turner Fld,ATL,R,2016.0,160.0,3120.0,2783.0,362.0,682.0,131.0,11.0,60.0,339.0,39.0,11.0,234.0,702.0,0.245,0.307,0.365,0.672,1015.0,84.0,28.0,48.0,27.0,30.0,43.0,0.304,83.0,100.0,SunTrust Park
as LHB@ATL-Turner Fld,ATL,L,2016.0,160.0,3148.0,2735.0,370.0,724.0,133.0,23.0,70.0,339.0,62.0,14.0,322.0,554.0,0.265,0.348,0.40700000000000003,0.755,1113.0,48.0,42.0,19.0,30.0,39.0,35.0,0.305,106.0,100.0,SunTrust Park
as RHB@BAL-Camden Yards,BAL,R,2016.0,162.0,3742.0,3406.0,447.0,871.0,163.0,6.0,140.0,426.0,20.0,17.0,270.0,767.0,0.256,0.315,0.43,0.746,1466.0,95.0,36.0,9.0,20.0,5.0,41.0,0.29,101.0,100.0,Oriole Park at Camden Yards
as LHB@BAL-Camden Yards,BAL,L,2016.0,162.0,2286.0,2017.0,265.0,516.0,98.0,5.0,79.0,250.0,15.0,10.0,230.0,478.0,0.256,0.336,0.42700000000000005,0.763,861.0,56.0,20.0,7.0,11.0,6.0,15.0,0.297,107.0,100.0,Oriole Park at Camden Yards
as RHB@BOS-Fenway Pk,BOS,R,2016.0,162.0,3769.0,3413.0,533.0,962.0,190.0,13.0,131.0,507.0,43.0,9.0,289.0,713.0,0.282,0.34299999999999997,0.46,0.804,1571.0,95.0,41.0,7.0,19.0,8.0,33.0,0.321,117.0,100.0,Fenway Park
as LHB@BOS-Fenway Pk,BOS,L,2016.0,162.0,2506.0,2228.0,324.0,617.0,159.0,17.0,67.0,309.0,26.0,15.0,229.0,483.0,0.27699999999999997,0.349,0.45399999999999996,0.8029999999999999,1011.0,35.0,26.0,9.0,14.0,18.0,17.0,0.325,117.0,100.0,Fenway Park
as RHB@CHC-Wrigley Fld,CHC,R,2016.0,162.0,3558.0,3176.0,395.0,729.0,132.0,10.0,115.0,373.0,54.0,11.0,302.0,872.0,0.23,0.303,0.386,0.6890000000000001,1226.0,60.0,42.0,21.0,17.0,20.0,33.0,0.278,87.0,100.0,Wrigley Field
as LHB@CHC-Wrigley Fld,CHC,L,2016.0,162.0,2541.0,2172.0,241.0,491.0,108.0,13.0,48.0,225.0,47.0,20.0,292.0,521.0,0.226,0.32799999999999996,0.354,0.682,769.0,45.0,44.0,16.0,17.0,17.0,11.0,0.273,87.0,100.0,Wrigley Field
as RHB@CWS-US Cellular,CWS,R,2016.0,162.0,3793.0,3427.0,460.0,910.0,170.0,15.0,123.0,443.0,55.0,14.0,277.0,828.0,0.266,0.324,0.43200000000000005,0.7559999999999999,1479.0,83.0,36.0,16.0,35.0,18.0,33.0,0.313,104.0,100.0,Guaranteed Rate Field
as LHB@CWS-US Cellular,CWS,L,2016.0,162.0,2272.0,2029.0,214.0,486.0,97.0,15.0,62.0,207.0,30.0,10.0,194.0,439.0,0.24,0.31,0.39399999999999996,0.7040000000000001,799.0,44.0,22.0,7.0,18.0,8.0,12.0,0.27399999999999997,91.0,100.0,Guaranteed Rate Field
as RHB@CIN-GreatAmer BP,CIN,R,2016.0,162.0,3695.0,3321.0,436.0,822.0,160.0,8.0,134.0,407.0,69.0,30.0,277.0,809.0,0.248,0.311,0.42200000000000004,0.733,1400.0,65.0,40.0,37.0,20.0,11.0,42.0,0.287,98.0,100.0,Great American Ball Park
as LHB@CIN-GreatAmer BP,CIN,L,2016.0,162.0,2501.0,2184.0,345.0,586.0,102.0,12.0,94.0,337.0,46.0,18.0,272.0,473.0,0.268,0.35200000000000004,0.455,0.807,994.0,46.0,18.0,12.0,15.0,21.0,11.0,0.301,118.0,100.0,Great American Ball Park
as RHB@CLE-Progressive,CLE,R,2016.0,162.0,3186.0,2858.0,387.0,714.0,152.0,7.0,104.0,371.0,50.0,12.0,275.0,732.0,0.25,0.317,0.41700000000000004,0.7340000000000001,1192.0,74.0,17.0,12.0,24.0,7.0,31.0,0.298,98.0,100.0,Progressive Field
as LHB@CLE-Progressive,CLE,L,2016.0,162.0,2956.0,2646.0,412.0,752.0,186.0,12.0,97.0,386.0,48.0,21.0,252.0,550.0,0.284,0.34600000000000003,0.474,0.82,1253.0,58.0,15.0,15.0,28.0,12.0,20.0,0.32299999999999995,121.0,100.0,Progressive Field
as RHB@COL-Coors Fld,COL,R,2016.0,162.0,3679.0,3275.0,581.0,966.0,217.0,27.0,141.0,560.0,64.0,20.0,307.0,747.0,0.295,0.359,0.507,0.866,1660.0,80.0,32.0,40.0,24.0,23.0,29.0,0.342,133.0,100.0,Coors Field
as LHB@COL-Coors Fld,COL,L,2016.0,162.0,2760.0,2460.0,404.0,731.0,151.0,30.0,74.0,390.0,27.0,11.0,233.0,483.0,0.297,0.363,0.473,0.836,1164.0,46.0,28.0,25.0,13.0,15.0,22.0,0.34299999999999997,126.0,100.0,Coors Field
as RHB@DET-Comerica Pk,DET,R,2016.0,160.0,4001.0,3628.0,495.0,1009.0,164.0,22.0,138.0,472.0,29.0,25.0,295.0,770.0,0.278,0.336,0.45,0.7859999999999999,1631.0,98.0,37.0,14.0,27.0,12.0,27.0,0.317,112.0,100.0,Comerica Park
as LHB@DET-Comerica Pk,DET,L,2016.0,156.0,1983.0,1781.0,243.0,417.0,70.0,25.0,70.0,234.0,25.0,13.0,166.0,449.0,0.23399999999999999,0.302,0.419,0.721,747.0,32.0,13.0,9.0,14.0,7.0,10.0,0.272,94.0,100.0,Comerica Park
as RHB@ATL-Ft Bragg Pk,ATL,R,2016.0,2.0,49.0,43.0,3.0,11.0,0.0,2.0,1.0,3.0,1.0,0.0,3.0,9.0,0.256,0.34700000000000003,0.419,0.7659999999999999,18.0,0.0,3.0,0.0,0.0,0.0,1.0,0.303,108.0,100.0,SunTrust Park
as LHB@ATL-Ft Bragg Pk,ATL,L,2016.0,2.0,30.0,26.0,4.0,7.0,2.0,0.0,0.0,4.0,0.0,0.0,2.0,4.0,0.26899999999999996,0.3,0.34600000000000003,0.6459999999999999,9.0,1.0,0.0,0.0,2.0,0.0,0.0,0.292,76.0,100.0,SunTrust Park
as RHB@HOU-MinuteMaidPk,HOU,R,2016.0,162.0,3845.0,3510.0,394.0,844.0,183.0,20.0,113.0,377.0,50.0,24.0,285.0,915.0,0.24,0.301,0.401,0.701,1406.0,75.0,23.0,14.0,13.0,23.0,36.0,0.293,90.0,100.0,Minute Maid Park
as LHB@HOU-MinuteMaidPk,HOU,L,2016.0,162.0,2343.0,2109.0,243.0,506.0,104.0,18.0,58.0,231.0,25.0,12.0,197.0,615.0,0.24,0.307,0.389,0.696,820.0,47.0,14.0,11.0,12.0,8.0,16.0,0.309,89.0,100.0,Minute Maid Park
as RHB@KC-KauffmanStad,KC,R,2016.0,162.0,3817.0,3491.0,442.0,938.0,190.0,19.0,91.0,426.0,50.0,28.0,252.0,765.0,0.26899999999999996,0.322,0.41200000000000003,0.7340000000000001,1439.0,80.0,31.0,20.0,23.0,12.0,35.0,0.319,99.0,100.0,Kauffman Stadium
as LHB@KC-KauffmanStad,KC,L,2016.0,162.0,2448.0,2183.0,306.0,567.0,95.0,14.0,64.0,295.0,44.0,12.0,206.0,477.0,0.26,0.32799999999999996,0.40399999999999997,0.732,882.0,33.0,25.0,14.0,19.0,9.0,17.0,0.303,99.0,100.0,Kauffman Stadium
as RHB@LAD-Dodger Stad,LAD,R,2016.0,162.0,3280.0,2956.0,324.0,679.0,128.0,2.0,86.0,300.0,40.0,18.0,250.0,785.0,0.23,0.29600000000000004,0.36200000000000004,0.657,1069.0,70.0,35.0,21.0,18.0,21.0,29.0,0.282,79.0,100.0,Dodger Stadium
as LHB@LAD-Dodger Stad,LAD,L,2016.0,162.0,2636.0,2380.0,287.0,578.0,110.0,11.0,83.0,271.0,25.0,13.0,217.0,630.0,0.243,0.31,0.40299999999999997,0.713,959.0,37.0,20.0,11.0,8.0,22.0,23.0,0.29600000000000004,93.0,100.0,Dodger Stadium
as RHB@MIA-Marlins Pk,MIA,R,2016.0,160.0,3591.0,3246.0,352.0,752.0,172.0,11.0,73.0,338.0,38.0,20.0,263.0,825.0,0.23199999999999998,0.293,0.359,0.652,1165.0,83.0,27.0,31.0,23.0,17.0,30.0,0.28600000000000003,77.0,100.0,Marlins Park
as LHB@MIA-Marlins Pk,MIA,L,2016.0,160.0,2395.0,2087.0,252.0,549.0,79.0,18.0,50.0,237.0,33.0,20.0,246.0,467.0,0.263,0.34700000000000003,0.39,0.737,814.0,40.0,32.0,13.0,17.0,27.0,13.0,0.314,101.0,100.0,Marlins Park
as RHB@MIL-Miller Pk,MIL,R,2016.0,162.0,3765.0,3347.0,462.0,835.0,165.0,13.0,128.0,447.0,101.0,40.0,327.0,915.0,0.249,0.318,0.42100000000000004,0.7390000000000001,1410.0,76.0,23.0,39.0,28.0,18.0,40.0,0.303,100.0,100.0,Miller Park
as LHB@MIL-Miller Pk,MIL,L,2016.0,162.0,2340.0,2064.0,230.0,512.0,106.0,15.0,69.0,216.0,43.0,24.0,232.0,487.0,0.248,0.32899999999999996,0.414,0.743,855.0,48.0,23.0,9.0,11.0,16.0,15.0,0.292,102.0,100.0,Miller Park
as RHB@MIN-Target Field,MIN,R,2016.0,162.0,3646.0,3336.0,522.0,924.0,192.0,21.0,152.0,497.0,45.0,16.0,234.0,726.0,0.27699999999999997,0.326,0.484,0.81,1614.0,76.0,25.0,18.0,33.0,10.0,52.0,0.31,117.0,100.0,Target Field
as LHB@MIN-Target Field,MIN,L,2016.0,161.0,2689.0,2427.0,301.0,636.0,127.0,12.0,60.0,277.0,49.0,10.0,229.0,526.0,0.262,0.327,0.39799999999999996,0.726,967.0,53.0,11.0,11.0,11.0,19.0,20.0,0.311,97.0,100.0,Target Field
as LHB@NYM-Citi Field,NYM,L,2016.0,162.0,3070.0,2728.0,324.0,646.0,125.0,12.0,95.0,308.0,41.0,18.0,286.0,684.0,0.237,0.313,0.396,0.7090000000000001,1080.0,45.0,24.0,16.0,16.0,24.0,19.0,0.28,92.0,100.0,Citi Field
as RHB@NYM-Citi Field,NYM,R,2016.0,162.0,3017.0,2699.0,316.0,642.0,102.0,3.0,98.0,306.0,52.0,17.0,229.0,729.0,0.23800000000000002,0.302,0.387,0.6890000000000001,1044.0,52.0,30.0,36.0,22.0,12.0,30.0,0.287,87.0,100.0,Citi Field
as LHB@NYY-Yankee Stad3,NYY,L,2016.0,162.0,3033.0,2708.0,328.0,650.0,122.0,11.0,106.0,314.0,51.0,19.0,263.0,641.0,0.24,0.312,0.41100000000000003,0.723,1112.0,33.0,27.0,12.0,15.0,8.0,22.0,0.275,96.0,100.0,Yankee Stadium
as RHB@NYY-Yankee Stad3,NYY,R,2016.0,162.0,3000.0,2752.0,375.0,706.0,122.0,3.0,124.0,367.0,26.0,6.0,204.0,672.0,0.257,0.311,0.43799999999999994,0.7490000000000001,1206.0,64.0,20.0,6.0,17.0,4.0,20.0,0.295,102.0,100.0,Yankee Stadium
as RHB@OAK-Oakland Col.,OAK,R,2016.0,162.0,3510.0,3205.0,382.0,799.0,154.0,11.0,104.0,369.0,27.0,15.0,237.0,699.0,0.249,0.305,0.402,0.7070000000000001,1287.0,78.0,31.0,11.0,26.0,14.0,35.0,0.28600000000000003,91.0,100.0,Oakland Alameda County Coliseum
as LHB@OAK-Oakland Col.,OAK,L,2016.0,162.0,2489.0,2265.0,259.0,549.0,113.0,13.0,45.0,246.0,33.0,8.0,185.0,434.0,0.242,0.3,0.363,0.664,823.0,51.0,11.0,7.0,20.0,7.0,21.0,0.27899999999999997,80.0,100.0,Oakland Alameda County Coliseum
as RHB@PHI-CitizensBank,PHI,R,2016.0,162.0,3309.0,3019.0,344.0,724.0,142.0,15.0,95.0,325.0,43.0,20.0,198.0,812.0,0.24,0.29100000000000004,0.391,0.682,1181.0,75.0,29.0,41.0,20.0,13.0,35.0,0.295,84.0,100.0,Citizens Bank Park
as LHB@PHI-CitizensBank,PHI,L,2016.0,162.0,2767.0,2481.0,298.0,607.0,101.0,17.0,105.0,286.0,38.0,17.0,240.0,606.0,0.245,0.314,0.426,0.74,1057.0,45.0,18.0,13.0,14.0,23.0,28.0,0.281,100.0,100.0,Citizens Bank Park
as RHB@PIT-PNC Pk,PIT,R,2016.0,162.0,4102.0,3624.0,468.0,962.0,188.0,30.0,88.0,442.0,68.0,29.0,341.0,804.0,0.265,0.336,0.40700000000000003,0.743,1474.0,109.0,63.0,37.0,36.0,27.0,46.0,0.316,102.0,100.0,PNC Park
as LHB@PIT-PNC Pk,PIT,L,2016.0,160.0,2124.0,1868.0,278.0,506.0,117.0,16.0,60.0,260.0,27.0,12.0,208.0,413.0,0.271,0.34600000000000003,0.447,0.7929999999999999,835.0,44.0,16.0,17.0,15.0,11.0,25.0,0.316,115.0,100.0,PNC Park
as RHB@SDP-Petco Pk,SD,R,2016.0,162.0,3679.0,3328.0,470.0,828.0,160.0,22.0,120.0,447.0,73.0,21.0,282.0,810.0,0.249,0.31,0.418,0.728,1392.0,72.0,26.0,14.0,28.0,24.0,41.0,0.292,97.0,100.0,Petco Park
as LHB@SDP-Petco Pk,SD,L,2016.0,162.0,2513.0,2241.0,263.0,550.0,114.0,8.0,56.0,243.0,51.0,12.0,221.0,544.0,0.245,0.318,0.37799999999999995,0.696,848.0,45.0,24.0,9.0,16.0,18.0,21.0,0.298,89.0,100.0,Petco Park
as RHB@SEA-Safeco Fld,SEA,R,2016.0,162.0,3102.0,2810.0,388.0,702.0,132.0,5.0,129.0,375.0,36.0,20.0,235.0,735.0,0.25,0.315,0.43799999999999994,0.753,1231.0,65.0,37.0,7.0,13.0,10.0,31.0,0.292,103.0,100.0,T-Mobile Park
as LHB@SEA-Safeco Fld,SEA,L,2016.0,162.0,3069.0,2758.0,327.0,692.0,125.0,9.0,105.0,319.0,29.0,13.0,255.0,619.0,0.251,0.32,0.41700000000000004,0.737,1150.0,64.0,30.0,11.0,14.0,17.0,18.0,0.287,99.0,100.0,T-Mobile Park
as RHB@SFG-AT&T Pk,SF,R,2016.0,162.0,3138.0,2823.0,350.0,735.0,135.0,13.0,69.0,338.0,38.0,27.0,243.0,644.0,0.26,0.321,0.391,0.711,1103.0,73.0,20.0,25.0,26.0,12.0,24.0,0.312,94.0,100.0,Oracle Park
as LHB@SFG-AT&T Pk,SF,L,2016.0,162.0,3048.0,2704.0,327.0,707.0,149.0,45.0,50.0,314.0,34.0,12.0,281.0,527.0,0.261,0.335,0.405,0.74,1096.0,50.0,27.0,17.0,17.0,22.0,17.0,0.306,101.0,100.0,Oracle Park
as LHB@STL-Busch Stad 3,STL,L,2016.0,162.0,2397.0,2140.0,281.0,536.0,100.0,11.0,78.0,270.0,20.0,8.0,212.0,501.0,0.25,0.321,0.41700000000000004,0.738,892.0,29.0,19.0,10.0,16.0,12.0,22.0,0.29,100.0,100.0,Busch Stadium
as RHB@STL-Busch Stad 3,STL,R,2016.0,162.0,3741.0,3387.0,434.0,867.0,175.0,8.0,104.0,417.0,40.0,20.0,266.0,756.0,0.256,0.315,0.40399999999999997,0.7190000000000001,1370.0,99.0,38.0,22.0,28.0,18.0,44.0,0.299,95.0,100.0,Busch Stadium
as RHB@TBR-TropicanaFld,TB,R,2016.0,162.0,3696.0,3342.0,394.0,808.0,149.0,12.0,117.0,378.0,41.0,18.0,284.0,928.0,0.242,0.305,0.39899999999999997,0.703,1332.0,51.0,30.0,16.0,24.0,13.0,28.0,0.298,90.0,100.0,Tropicana Field
as LHB@TBR-TropicanaFld,TB,L,2016.0,161.0,2336.0,2103.0,258.0,485.0,92.0,8.0,82.0,251.0,29.0,18.0,197.0,560.0,0.231,0.3,0.39899999999999997,0.6990000000000001,839.0,23.0,16.0,8.0,10.0,13.0,19.0,0.27399999999999997,89.0,100.0,Tropicana Field
as RHB@TOR-Rogers Ctr,TOR,R,2016.0,162.0,4028.0,3587.0,529.0,916.0,209.0,15.0,128.0,504.0,41.0,12.0,362.0,802.0,0.255,0.327,0.429,0.7559999999999999,1539.0,114.0,36.0,9.0,34.0,11.0,33.0,0.293,104.0,100.0,Rogers Centre
as LHB@TOR-Rogers Ctr,TOR,L,2016.0,161.0,2196.0,1950.0,235.0,487.0,99.0,7.0,75.0,224.0,31.0,13.0,195.0,516.0,0.25,0.32299999999999995,0.423,0.746,825.0,39.0,24.0,9.0,18.0,5.0,16.0,0.299,102.0,100.0,Rogers Centre
as RHB@WSN-Natls Park,WSH,R,2016.0,162.0,3483.0,3137.0,392.0,751.0,119.0,12.0,109.0,376.0,69.0,18.0,253.0,844.0,0.239,0.3,0.389,0.6890000000000001,1221.0,68.0,26.0,44.0,22.0,18.0,23.0,0.29100000000000004,87.0,100.0,Nationals Park
as LHB@WSN-Natls Park,WSH,L,2016.0,162.0,2641.0,2335.0,280.0,569.0,126.0,13.0,72.0,271.0,35.0,13.0,242.0,523.0,0.244,0.321,0.401,0.722,937.0,56.0,35.0,7.0,22.0,32.0,17.0,0.282,96.0,100.0,Nationals Park
as RHB@LAA-Angel Stad,LAA,R,2018.0,162.0,3969.0,3522.0,469.0,849.0,159.0,11.0,144.0,442.0,46.0,16.0,354.0,820.0,0.24100000000000002,0.317,0.415,0.732,1462.0,91.0,55.0,4.0,33.0,21.0,36.0,0.272,101.0,100.0,Angel Stadium
as LHB@LAA-Angel Stad,LAA,L,2018.0,161.0,2101.0,1901.0,241.0,432.0,80.0,5.0,79.0,235.0,20.0,10.0,181.0,531.0,0.22699999999999998,0.295,0.39899999999999997,0.6940000000000001,759.0,36.0,6.0,1.0,11.0,8.0,14.0,0.271,90.0,100.0,Angel Stadium
as RHB@TEX-Rangers Bpk,TEX,R,2018.0,162.0,3594.0,3219.0,517.0,888.0,185.0,26.0,125.0,497.0,44.0,18.0,270.0,683.0,0.276,0.33899999999999997,0.466,0.805,1500.0,81.0,53.0,20.0,32.0,8.0,43.0,0.312,121.0,100.0,Globe Life Park in Arlington
as LHB@TEX-Rangers Bpk,TEX,L,2018.0,162.0,2739.0,2401.0,394.0,635.0,133.0,19.0,108.0,378.0,38.0,8.0,277.0,577.0,0.264,0.34700000000000003,0.47100000000000003,0.818,1130.0,51.0,36.0,10.0,15.0,10.0,20.0,0.304,124.0,100.0,Globe Life Park in Arlington
as LHB@ARI-Chase Field,ARI,L,2018.0,162.0,2628.0,2317.0,293.0,550.0,95.0,21.0,66.0,269.0,38.0,8.0,249.0,579.0,0.237,0.318,0.382,0.7,885.0,57.0,30.0,17.0,14.0,21.0,25.0,0.287,93.0,100.0,Chase Field
as RHB@ARI-Chase Field,ARI,R,2018.0,162.0,3584.0,3209.0,394.0,769.0,159.0,26.0,105.0,373.0,43.0,19.0,310.0,873.0,0.24,0.31,0.40399999999999997,0.7140000000000001,1295.0,67.0,27.0,16.0,22.0,22.0,29.0,0.295,96.0,100.0,Chase Field
as RHB@ATL-SunTrust Pk,ATL,R,2018.0,162.0,3166.0,2820.0,388.0,693.0,139.0,11.0,82.0,374.0,44.0,10.0,247.0,718.0,0.24600000000000002,0.313,0.39,0.703,1100.0,62.0,39.0,37.0,23.0,24.0,33.0,0.299,94.0,100.0,SunTrust Park
as LHB@ATL-SunTrust Pk,ATL,L,2018.0,162.0,3067.0,2673.0,360.0,649.0,139.0,13.0,64.0,341.0,57.0,25.0,330.0,606.0,0.243,0.33,0.376,0.7070000000000001,1006.0,52.0,30.0,12.0,21.0,32.0,24.0,0.289,96.0,100.0,SunTrust Park
as RHB@BAL-Camden Yards,BAL,R,2018.0,162.0,3942.0,3585.0,483.0,943.0,169.0,12.0,145.0,457.0,48.0,17.0,293.0,765.0,0.263,0.324,0.43799999999999994,0.762,1571.0,107.0,38.0,6.0,20.0,14.0,38.0,0.29600000000000004,109.0,100.0,Oriole Park at Camden Yards
as LHB@BAL-Camden Yards,BAL,L,2018.0,160.0,2237.0,1978.0,267.0,489.0,91.0,8.0,78.0,254.0,35.0,16.0,207.0,484.0,0.247,0.326,0.42,0.745,830.0,38.0,30.0,7.0,15.0,5.0,10.0,0.287,105.0,100.0,Oriole Park at Camden Yards
as RHB@BOS-Fenway Pk,BOS,R,2018.0,162.0,3719.0,3350.0,496.0,880.0,191.0,18.0,130.0,470.0,44.0,13.0,302.0,830.0,0.263,0.32799999999999996,0.447,0.775,1497.0,58.0,37.0,3.0,27.0,16.0,36.0,0.31,112.0,100.0,Fenway Park
as LHB@BOS-Fenway Pk,BOS,L,2018.0,162.0,2501.0,2239.0,294.0,566.0,156.0,19.0,59.0,279.0,43.0,11.0,213.0,545.0,0.253,0.324,0.418,0.743,937.0,40.0,31.0,3.0,15.0,6.0,20.0,0.307,104.0,100.0,Fenway Park
as RHB@CHC-Wrigley Fld,CHC,R,2018.0,164.0,3627.0,3199.0,410.0,808.0,155.0,20.0,95.0,395.0,50.0,24.0,322.0,783.0,0.253,0.327,0.40299999999999997,0.7290000000000001,1288.0,71.0,45.0,32.0,29.0,18.0,44.0,0.303,101.0,100.0,Wrigley Field
as LHB@CHC-Wrigley Fld,CHC,L,2018.0,164.0,2639.0,2279.0,324.0,584.0,101.0,14.0,70.0,310.0,29.0,16.0,292.0,536.0,0.256,0.344,0.405,0.7490000000000001,923.0,36.0,23.0,20.0,20.0,28.0,13.0,0.304,107.0,100.0,Wrigley Field
as RHB@CWS-Guaranteed,CWS,R,2018.0,162.0,3587.0,3255.0,426.0,809.0,145.0,8.0,109.0,408.0,54.0,27.0,247.0,898.0,0.249,0.309,0.39799999999999996,0.7070000000000001,1297.0,54.0,47.0,13.0,25.0,11.0,29.0,0.308,95.0,100.0,Guaranteed Rate Field
as LHB@CWS-Guaranteed,CWS,L,2018.0,162.0,2605.0,2291.0,304.0,564.0,106.0,20.0,77.0,292.0,51.0,23.0,265.0,581.0,0.24600000000000002,0.331,0.41100000000000003,0.742,941.0,24.0,31.0,5.0,11.0,9.0,30.0,0.29600000000000004,105.0,100.0,Guaranteed Rate Field
as RHB@CIN-GreatAmer BP,CIN,R,2018.0,162.0,3383.0,3031.0,409.0,747.0,146.0,11.0,119.0,393.0,44.0,15.0,270.0,794.0,0.24600000000000002,0.313,0.42,0.732,1272.0,84.0,31.0,30.0,21.0,20.0,34.0,0.294,101.0,100.0,Great American Ball Park
as LHB@CIN-GreatAmer BP,CIN,L,2018.0,162.0,2990.0,2617.0,394.0,717.0,130.0,19.0,114.0,379.0,35.0,14.0,316.0,659.0,0.27399999999999997,0.354,0.469,0.823,1227.0,31.0,21.0,14.0,22.0,29.0,13.0,0.32299999999999995,126.0,100.0,Great American Ball Park
as RHB@CLE-Progressive,CLE,R,2018.0,162.0,2930.0,2655.0,345.0,641.0,142.0,8.0,82.0,331.0,59.0,19.0,212.0,734.0,0.24100000000000002,0.305,0.39399999999999996,0.6990000000000001,1045.0,66.0,37.0,14.0,11.0,11.0,40.0,0.302,92.0,100.0,Progressive Field
as LHB@CLE-Progressive,CLE,L,2018.0,162.0,3258.0,2913.0,432.0,778.0,168.0,13.0,128.0,422.0,45.0,16.0,275.0,622.0,0.267,0.336,0.465,0.802,1356.0,47.0,40.0,9.0,21.0,19.0,22.0,0.298,119.0,100.0,Progressive Field
as RHB@COL-Coors Fld,COL,R,2018.0,162.0,3721.0,3323.0,504.0,925.0,210.0,37.0,137.0,482.0,51.0,15.0,309.0,785.0,0.278,0.34299999999999997,0.488,0.83,1620.0,95.0,34.0,21.0,33.0,19.0,36.0,0.324,127.0,100.0,Coors Field
as LHB@COL-Coors Fld,COL,L,2018.0,162.0,2499.0,2240.0,345.0,610.0,115.0,23.0,83.0,327.0,36.0,12.0,205.0,583.0,0.272,0.337,0.455,0.792,1020.0,53.0,20.0,19.0,14.0,13.0,20.0,0.332,117.0,100.0,Coors Field
as RHB@DET-Comerica Pk,DET,R,2018.0,162.0,3795.0,3458.0,447.0,889.0,197.0,27.0,97.0,430.0,48.0,12.0,258.0,770.0,0.257,0.312,0.414,0.726,1431.0,73.0,36.0,7.0,36.0,9.0,42.0,0.301,99.0,100.0,Comerica Park
as LHB@DET-Comerica Pk,DET,L,2018.0,161.0,2295.0,2071.0,246.0,482.0,88.0,12.0,66.0,232.0,20.0,17.0,185.0,463.0,0.233,0.299,0.382,0.682,792.0,29.0,18.0,4.0,16.0,6.0,24.0,0.267,87.0,100.0,Comerica Park
as RHB@HOU-MinuteMaidPk,HOU,R,2018.0,162.0,3992.0,3592.0,469.0,865.0,175.0,8.0,129.0,453.0,49.0,13.0,325.0,878.0,0.24100000000000002,0.309,0.402,0.711,1443.0,93.0,40.0,6.0,25.0,9.0,33.0,0.282,96.0,100.0,Minute Maid Park
as LHB@HOU-MinuteMaidPk,HOU,L,2018.0,162.0,1989.0,1772.0,192.0,378.0,72.0,10.0,53.0,182.0,24.0,11.0,173.0,583.0,0.213,0.28800000000000003,0.355,0.643,629.0,21.0,18.0,9.0,14.0,3.0,7.0,0.28300000000000003,77.0,100.0,Minute Maid Park
as RHB@KC-KauffmanStad,KC,R,2018.0,162.0,3563.0,3213.0,438.0,834.0,171.0,21.0,108.0,414.0,60.0,17.0,260.0,674.0,0.26,0.321,0.42700000000000005,0.748,1371.0,104.0,46.0,16.0,28.0,4.0,25.0,0.295,105.0,100.0,Kauffman Stadium
as LHB@KC-KauffmanStad,KC,L,2018.0,162.0,2659.0,2363.0,319.0,638.0,122.0,16.0,62.0,304.0,39.0,19.0,245.0,496.0,0.27,0.341,0.414,0.755,978.0,38.0,21.0,8.0,22.0,13.0,16.0,0.315,109.0,100.0,Kauffman Stadium
as RHB@LAD-Dodger Stad,LAD,R,2018.0,164.0,3834.0,3469.0,406.0,827.0,182.0,9.0,123.0,382.0,47.0,20.0,275.0,968.0,0.23800000000000002,0.301,0.402,0.703,1396.0,66.0,43.0,29.0,16.0,17.0,41.0,0.294,93.0,100.0,Dodger Stadium
as LHB@LAD-Dodger Stad,LAD,L,2018.0,164.0,2288.0,2049.0,257.0,476.0,89.0,4.0,91.0,242.0,24.0,9.0,206.0,554.0,0.23199999999999998,0.307,0.413,0.72,846.0,29.0,19.0,4.0,10.0,17.0,17.0,0.272,98.0,100.0,Dodger Stadium
as RHB@MIA-Marlins Pk,MIA,R,2018.0,162.0,3983.0,3552.0,378.0,853.0,173.0,7.0,71.0,358.0,40.0,28.0,307.0,849.0,0.24,0.309,0.353,0.6609999999999999,1253.0,76.0,61.0,24.0,37.0,34.0,41.0,0.293,84.0,100.0,Marlins Park
as LHB@MIA-Marlins Pk,MIA,L,2018.0,162.0,2296.0,2025.0,224.0,460.0,78.0,13.0,56.0,215.0,17.0,12.0,223.0,478.0,0.22699999999999998,0.31,0.361,0.672,732.0,38.0,25.0,12.0,10.0,29.0,13.0,0.26899999999999996,86.0,100.0,Marlins Park
as RHB@MIL-Miller Pk,MIL,R,2018.0,162.0,3619.0,3262.0,412.0,764.0,144.0,17.0,109.0,386.0,55.0,14.0,260.0,915.0,0.23399999999999999,0.29600000000000004,0.389,0.685,1269.0,73.0,39.0,24.0,30.0,21.0,39.0,0.289,88.0,100.0,Miller Park
as LHB@MIL-Miller Pk,MIL,L,2018.0,162.0,2467.0,2141.0,294.0,524.0,91.0,13.0,96.0,278.0,37.0,16.0,285.0,574.0,0.245,0.33899999999999997,0.434,0.773,929.0,48.0,25.0,5.0,11.0,15.0,27.0,0.289,113.0,100.0,Miller Park
as RHB@MIN-Target Field,MIN,R,2018.0,158.0,2938.0,2633.0,357.0,681.0,152.0,3.0,77.0,336.0,29.0,15.0,247.0,645.0,0.259,0.32799999999999996,0.406,0.7340000000000001,1070.0,73.0,32.0,9.0,17.0,6.0,24.0,0.313,102.0,100.0,Target Field
as LHB@MIN-Target Field,MIN,L,2018.0,158.0,3056.0,2701.0,391.0,692.0,158.0,20.0,91.0,372.0,32.0,9.0,302.0,645.0,0.256,0.33399999999999996,0.431,0.765,1163.0,30.0,25.0,7.0,21.0,20.0,17.0,0.303,110.0,100.0,Target Field
as RHB@SDP-Es Monterrey,SD,R,2018.0,6.0,111.0,103.0,7.0,24.0,4.0,0.0,3.0,7.0,1.0,0.0,7.0,32.0,0.233,0.28800000000000003,0.359,0.648,37.0,5.0,1.0,0.0,0.0,0.0,0.0,0.309,78.0,100.0,Petco Park
as LHB@SDP-Es Monterrey,SD,L,2018.0,6.0,109.0,90.0,11.0,24.0,2.0,3.0,3.0,11.0,0.0,0.0,17.0,30.0,0.267,0.38,0.456,0.835,41.0,1.0,0.0,1.0,1.0,0.0,1.0,0.36200000000000004,131.0,100.0,Petco Park
as LHB@NYM-Citi Field,NYM,L,2018.0,162.0,2717.0,2417.0,234.0,553.0,94.0,11.0,71.0,229.0,41.0,19.0,250.0,638.0,0.22899999999999998,0.307,0.365,0.672,882.0,29.0,26.0,14.0,10.0,18.0,23.0,0.281,86.0,100.0,Citi Field
as RHB@NYM-Citi Field,NYM,R,2018.0,162.0,3314.0,2988.0,350.0,655.0,104.0,14.0,96.0,339.0,55.0,18.0,236.0,830.0,0.21899999999999997,0.28300000000000003,0.36,0.643,1075.0,62.0,41.0,25.0,24.0,11.0,27.0,0.268,77.0,100.0,Citi Field
as LHB@NYY-Yankee Stad3,NYY,L,2018.0,161.0,2389.0,2080.0,291.0,527.0,94.0,8.0,82.0,278.0,19.0,10.0,250.0,546.0,0.253,0.33799999999999997,0.425,0.762,883.0,25.0,28.0,7.0,24.0,7.0,12.0,0.301,110.0,100.0,Yankee Stadium
as RHB@NYY-Yankee Stad3,NYY,R,2018.0,162.0,3860.0,3456.0,514.0,881.0,174.0,7.0,157.0,496.0,52.0,17.0,346.0,949.0,0.255,0.326,0.446,0.7709999999999999,1540.0,68.0,28.0,7.0,23.0,9.0,40.0,0.305,112.0,100.0,Yankee Stadium
as RHB@OAK-Oakland Col.,OAK,R,2018.0,162.0,3972.0,3584.0,471.0,866.0,216.0,9.0,118.0,438.0,43.0,18.0,319.0,825.0,0.242,0.309,0.406,0.715,1454.0,99.0,42.0,5.0,22.0,12.0,40.0,0.281,96.0,100.0,Oakland Alameda County Coliseum
as LHB@OAK-Oakland Col.,OAK,L,2018.0,162.0,2155.0,1945.0,208.0,432.0,93.0,7.0,59.0,201.0,19.0,14.0,180.0,480.0,0.222,0.292,0.368,0.66,716.0,35.0,15.0,6.0,9.0,9.0,15.0,0.264,82.0,100.0,Oakland Alameda County Coliseum
as RHB@PHI-CitizensBank,PHI,R,2018.0,160.0,3251.0,2927.0,389.0,674.0,144.0,9.0,100.0,363.0,39.0,12.0,251.0,874.0,0.23,0.295,0.38799999999999996,0.6829999999999999,1136.0,54.0,27.0,23.0,21.0,13.0,41.0,0.29100000000000004,88.0,100.0,Citizens Bank Park
as LHB@PHI-CitizensBank,PHI,L,2018.0,160.0,2800.0,2479.0,318.0,609.0,115.0,20.0,93.0,307.0,43.0,20.0,272.0,694.0,0.24600000000000002,0.326,0.42100000000000004,0.746,1043.0,45.0,29.0,6.0,14.0,13.0,17.0,0.302,105.0,100.0,Citizens Bank Park
as RHB@PIT-PNC Pk,PIT,R,2018.0,160.0,3374.0,3023.0,338.0,725.0,155.0,11.0,68.0,322.0,35.0,23.0,267.0,739.0,0.24,0.308,0.366,0.674,1106.0,77.0,38.0,28.0,18.0,17.0,32.0,0.294,86.0,100.0,PNC Park
as LHB@PIT-PNC Pk,PIT,L,2018.0,160.0,2688.0,2388.0,306.0,641.0,143.0,15.0,83.0,288.0,44.0,14.0,233.0,514.0,0.268,0.33899999999999997,0.445,0.784,1063.0,36.0,35.0,8.0,23.0,24.0,28.0,0.308,115.0,100.0,PNC Park
as RHB@SDP-Petco Pk,SD,R,2018.0,156.0,3619.0,3257.0,416.0,782.0,162.0,14.0,106.0,396.0,54.0,19.0,281.0,843.0,0.24,0.305,0.396,0.701,1290.0,87.0,35.0,21.0,25.0,15.0,25.0,0.29,93.0,100.0,Petco Park
as LHB@SDP-Petco Pk,SD,L,2018.0,156.0,2438.0,2154.0,269.0,548.0,110.0,14.0,60.0,258.0,42.0,12.0,245.0,538.0,0.254,0.33299999999999996,0.402,0.735,866.0,38.0,13.0,14.0,12.0,17.0,18.0,0.311,103.0,100.0,Petco Park
as RHB@SEA-Safeco Fld,SEA,R,2018.0,162.0,3802.0,3452.0,421.0,848.0,143.0,13.0,134.0,400.0,59.0,25.0,265.0,858.0,0.24600000000000002,0.305,0.41100000000000003,0.716,1419.0,86.0,39.0,16.0,26.0,14.0,49.0,0.287,96.0,100.0,T-Mobile Park
as LHB@SEA-Safeco Fld,SEA,L,2018.0,162.0,2210.0,2023.0,215.0,486.0,99.0,12.0,50.0,204.0,20.0,6.0,137.0,493.0,0.24,0.295,0.375,0.67,759.0,37.0,26.0,9.0,14.0,6.0,14.0,0.292,85.0,100.0,T-Mobile Park
as RHB@SFG-AT&T Pk,SF,R,2018.0,162.0,3770.0,3375.0,409.0,823.0,161.0,20.0,77.0,385.0,50.0,15.0,308.0,828.0,0.244,0.31,0.37200000000000005,0.6809999999999999,1255.0,92.0,26.0,32.0,29.0,22.0,35.0,0.299,88.0,100.0,Oracle Park
as LHB@SFG-AT&T Pk,SF,L,2018.0,162.0,2388.0,2162.0,246.0,538.0,120.0,23.0,47.0,237.0,33.0,16.0,184.0,488.0,0.249,0.311,0.391,0.7020000000000001,845.0,39.0,18.0,9.0,15.0,17.0,20.0,0.299,93.0,100.0,Oracle Park
as RHB@MIN-Est HBithorn,MIN,R,2018.0,4.0,66.0,64.0,4.0,14.0,2.0,0.0,2.0,4.0,1.0,0.0,1.0,22.0,0.21899999999999997,0.242,0.344,0.586,22.0,0.0,1.0,0.0,0.0,1.0,0.0,0.3,60.0,100.0,Target Field
as LHB@MIN-Est HBithorn,MIN,L,2018.0,4.0,134.0,126.0,6.0,29.0,5.0,0.0,4.0,6.0,1.0,0.0,8.0,23.0,0.23,0.276,0.365,0.6409999999999999,46.0,2.0,0.0,0.0,0.0,1.0,2.0,0.253,76.0,100.0,Target Field
as LHB@STL-Busch Stad 3,STL,L,2018.0,162.0,2429.0,2127.0,270.0,510.0,94.0,6.0,65.0,260.0,15.0,4.0,247.0,460.0,0.24,0.32299999999999995,0.381,0.7040000000000001,811.0,33.0,23.0,12.0,20.0,23.0,17.0,0.27399999999999997,95.0,100.0,Busch Stadium
as RHB@STL-Busch Stad 3,STL,R,2018.0,162.0,3757.0,3369.0,427.0,837.0,139.0,9.0,96.0,404.0,30.0,17.0,269.0,845.0,0.248,0.31,0.381,0.69,1282.0,74.0,45.0,43.0,31.0,17.0,46.0,0.301,91.0,100.0,Busch Stadium
as RHB@TBR-TropicanaFld,TB,R,2018.0,162.0,3580.0,3217.0,382.0,789.0,149.0,8.0,96.0,356.0,74.0,20.0,274.0,850.0,0.245,0.313,0.386,0.6990000000000001,1242.0,78.0,56.0,3.0,29.0,11.0,27.0,0.301,93.0,100.0,Tropicana Field
as LHB@TBR-TropicanaFld,TB,L,2018.0,162.0,2416.0,2112.0,273.0,482.0,92.0,26.0,51.0,249.0,37.0,20.0,245.0,568.0,0.228,0.312,0.369,0.68,779.0,36.0,22.0,12.0,25.0,8.0,20.0,0.284,88.0,100.0,Tropicana Field
as RHB@TOR-Rogers Ctr,TOR,R,2018.0,162.0,3938.0,3558.0,466.0,897.0,201.0,15.0,150.0,447.0,62.0,19.0,310.0,887.0,0.252,0.317,0.444,0.7609999999999999,1578.0,88.0,39.0,7.0,23.0,8.0,39.0,0.294,108.0,100.0,Rogers Centre
as LHB@TOR-Rogers Ctr,TOR,L,2018.0,160.0,2273.0,2026.0,288.0,498.0,135.0,8.0,75.0,274.0,33.0,15.0,212.0,503.0,0.24600000000000002,0.322,0.431,0.753,874.0,34.0,21.0,3.0,11.0,9.0,19.0,0.29,107.0,100.0,Rogers Centre
as RHB@WSN-Natls Park,WSH,R,2018.0,162.0,3569.0,3224.0,430.0,802.0,172.0,11.0,117.0,413.0,59.0,22.0,270.0,804.0,0.249,0.312,0.418,0.73,1347.0,70.0,33.0,27.0,15.0,23.0,37.0,0.29600000000000004,100.0,100.0,Nationals Park
as LHB@WSN-Natls Park,WSH,L,2018.0,162.0,2674.0,2316.0,342.0,614.0,134.0,12.0,93.0,332.0,38.0,18.0,303.0,550.0,0.265,0.353,0.45399999999999996,0.807,1051.0,36.0,26.0,6.0,23.0,37.0,11.0,0.307,122.0,100.0,Nationals Park
as RHB@PHI-BB&T Park,PHI,R,2018.0,2.0,47.0,44.0,7.0,15.0,2.0,0.0,1.0,7.0,0.0,0.0,2.0,9.0,0.341,0.37,0.455,0.8240000000000001,20.0,1.0,0.0,1.0,0.0,0.0,0.0,0.41200000000000003,128.0,100.0,Citizens Bank Park
as LHB@PHI-BB&T Park,PHI,L,2018.0,2.0,28.0,27.0,3.0,7.0,1.0,0.0,0.0,3.0,0.0,1.0,0.0,9.0,0.259,0.259,0.29600000000000004,0.556,8.0,0.0,0.0,1.0,0.0,0.0,0.0,0.389,54.0,100.0,Citizens Bank Park
as RHB@LAA-Angel Stad,LAA,R,2014.0,162.0,3757.0,3380.0,431.0,830.0,161.0,11.0,86.0,405.0,52.0,21.0,297.0,800.0,0.24600000000000002,0.311,0.376,0.687,1271.0,82.0,35.0,17.0,28.0,30.0,33.0,0.295,97.0,100.0,Angel Stadium
as LHB@LAA-Angel Stad,LAA,L,2014.0,162.0,2494.0,2258.0,241.0,543.0,104.0,5.0,42.0,229.0,37.0,11.0,179.0,539.0,0.24,0.301,0.34700000000000003,0.648,783.0,39.0,24.0,14.0,17.0,21.0,21.0,0.29600000000000004,86.0,100.0,Angel Stadium
as RHB@TEX-Rangers Bpk,TEX,R,2014.0,162.0,3392.0,3073.0,396.0,815.0,154.0,17.0,70.0,375.0,65.0,30.0,232.0,596.0,0.265,0.32299999999999995,0.395,0.718,1213.0,99.0,44.0,12.0,29.0,18.0,41.0,0.306,105.0,100.0,Globe Life Park in Arlington
as LHB@TEX-Rangers Bpk,TEX,L,2014.0,162.0,2737.0,2453.0,327.0,626.0,108.0,22.0,63.0,312.0,37.0,16.0,221.0,509.0,0.255,0.321,0.39399999999999996,0.715,967.0,47.0,26.0,14.0,23.0,16.0,20.0,0.29600000000000004,104.0,100.0,Globe Life Park in Arlington
as LHB@ARI-Chase Field,ARI,L,2014.0,157.0,2588.0,2353.0,300.0,628.0,116.0,21.0,59.0,282.0,35.0,9.0,168.0,459.0,0.267,0.319,0.409,0.728,963.0,29.0,20.0,29.0,17.0,15.0,24.0,0.307,108.0,100.0,Chase Field
as RHB@ARI-Chase Field,ARI,R,2014.0,158.0,3410.0,3104.0,411.0,795.0,166.0,31.0,87.0,389.0,47.0,22.0,231.0,735.0,0.256,0.31,0.414,0.7240000000000001,1284.0,67.0,23.0,27.0,24.0,16.0,24.0,0.307,106.0,100.0,Chase Field
as RHB@ATL-Turner Fld,ATL,R,2014.0,162.0,3661.0,3320.0,356.0,794.0,122.0,7.0,90.0,335.0,49.0,19.0,245.0,889.0,0.239,0.29600000000000004,0.361,0.657,1200.0,80.0,28.0,49.0,17.0,19.0,33.0,0.299,88.0,100.0,SunTrust Park
as LHB@ATL-Turner Fld,ATL,L,2014.0,162.0,2390.0,2116.0,211.0,528.0,97.0,10.0,39.0,206.0,34.0,11.0,229.0,531.0,0.25,0.324,0.36,0.684,762.0,39.0,13.0,16.0,16.0,14.0,19.0,0.313,96.0,100.0,SunTrust Park
as RHB@BAL-Camden Yards,BAL,R,2014.0,162.0,3586.0,3284.0,375.0,828.0,164.0,3.0,106.0,351.0,40.0,20.0,230.0,731.0,0.252,0.308,0.401,0.708,1316.0,86.0,39.0,18.0,14.0,14.0,33.0,0.293,102.0,100.0,Oriole Park at Camden Yards
as LHB@BAL-Camden Yards,BAL,L,2014.0,162.0,2509.0,2256.0,251.0,547.0,93.0,11.0,69.0,244.0,21.0,13.0,207.0,466.0,0.242,0.311,0.385,0.696,869.0,39.0,22.0,10.0,14.0,12.0,14.0,0.276,99.0,100.0,Oriole Park at Camden Yards
as RHB@BOS-Fenway Pk,BOS,R,2014.0,162.0,3380.0,3038.0,384.0,781.0,187.0,6.0,67.0,354.0,50.0,14.0,276.0,730.0,0.257,0.321,0.389,0.7090000000000001,1181.0,77.0,23.0,11.0,32.0,8.0,39.0,0.314,103.0,100.0,Fenway Park
as LHB@BOS-Fenway Pk,BOS,L,2014.0,162.0,2887.0,2551.0,314.0,675.0,174.0,18.0,49.0,299.0,27.0,16.0,272.0,536.0,0.265,0.33899999999999997,0.405,0.7440000000000001,1032.0,60.0,27.0,16.0,21.0,19.0,17.0,0.315,113.0,100.0,Fenway Park
as RHB@CHC-Wrigley Fld,CHC,R,2014.0,162.0,3415.0,3105.0,369.0,717.0,160.0,10.0,83.0,349.0,43.0,22.0,228.0,842.0,0.231,0.28800000000000003,0.369,0.657,1146.0,63.0,28.0,32.0,21.0,13.0,21.0,0.28800000000000003,87.0,100.0,Wrigley Field
as LHB@CHC-Wrigley Fld,CHC,L,2014.0,162.0,2725.0,2431.0,268.0,622.0,132.0,18.0,49.0,256.0,35.0,22.0,246.0,602.0,0.256,0.327,0.385,0.7120000000000001,937.0,42.0,16.0,19.0,13.0,16.0,27.0,0.32,104.0,100.0,Wrigley Field
as RHB@CWS-US Cellular,CWS,R,2014.0,162.0,3663.0,3336.0,449.0,871.0,173.0,13.0,97.0,427.0,51.0,22.0,245.0,810.0,0.261,0.318,0.408,0.726,1361.0,95.0,42.0,18.0,22.0,12.0,38.0,0.316,107.0,100.0,Guaranteed Rate Field
as LHB@CWS-US Cellular,CWS,L,2014.0,162.0,2559.0,2254.0,278.0,567.0,102.0,20.0,54.0,258.0,39.0,7.0,254.0,536.0,0.252,0.33,0.386,0.7170000000000001,871.0,35.0,20.0,12.0,19.0,21.0,29.0,0.305,105.0,100.0,Guaranteed Rate Field
as RHB@CIN-GreatAmer BP,CIN,R,2014.0,162.0,3636.0,3273.0,380.0,777.0,152.0,9.0,105.0,370.0,68.0,22.0,250.0,819.0,0.237,0.297,0.386,0.6829999999999999,1262.0,59.0,40.0,47.0,24.0,11.0,28.0,0.28300000000000003,95.0,100.0,Great American Ball Park
as LHB@CIN-GreatAmer BP,CIN,L,2014.0,162.0,2385.0,2104.0,212.0,480.0,92.0,11.0,60.0,200.0,29.0,15.0,234.0,508.0,0.228,0.309,0.368,0.677,774.0,32.0,18.0,17.0,12.0,17.0,20.0,0.271,94.0,100.0,Great American Ball Park
as RHB@CLE-Progressive,CLE,R,2014.0,161.0,2571.0,2323.0,264.0,570.0,126.0,9.0,57.0,244.0,31.0,22.0,186.0,587.0,0.245,0.308,0.381,0.6890000000000001,885.0,61.0,29.0,19.0,14.0,13.0,30.0,0.303,97.0,100.0,Progressive Field
as LHB@CLE-Progressive,CLE,L,2014.0,162.0,3617.0,3263.0,380.0,822.0,165.0,10.0,87.0,366.0,58.0,12.0,289.0,730.0,0.252,0.316,0.389,0.7040000000000001,1268.0,70.0,23.0,23.0,18.0,22.0,31.0,0.298,101.0,100.0,Progressive Field
as RHB@COL-Coors Fld,COL,R,2014.0,162.0,4009.0,3608.0,597.0,1097.0,234.0,29.0,133.0,559.0,65.0,20.0,297.0,702.0,0.304,0.359,0.496,0.8540000000000001,1788.0,114.0,31.0,35.0,38.0,28.0,30.0,0.34299999999999997,143.0,100.0,Coors Field
as LHB@COL-Coors Fld,COL,L,2014.0,162.0,2416.0,2163.0,347.0,652.0,110.0,26.0,76.0,341.0,32.0,8.0,178.0,369.0,0.301,0.359,0.48200000000000004,0.841,1042.0,32.0,30.0,21.0,23.0,17.0,15.0,0.331,139.0,100.0,Coors Field
as RHB@DET-Comerica Pk,DET,R,2014.0,162.0,3850.0,3497.0,520.0,1020.0,209.0,30.0,101.0,497.0,67.0,35.0,268.0,646.0,0.292,0.344,0.455,0.799,1592.0,97.0,31.0,11.0,43.0,20.0,35.0,0.32899999999999996,127.0,100.0,Comerica Park
as LHB@DET-Comerica Pk,DET,L,2014.0,159.0,2219.0,2002.0,212.0,480.0,75.0,14.0,41.0,202.0,39.0,18.0,189.0,443.0,0.24,0.307,0.353,0.66,706.0,47.0,10.0,10.0,8.0,13.0,24.0,0.28800000000000003,89.0,100.0,Comerica Park
as RHB@HOU-MinuteMaidPk,HOU,R,2014.0,162.0,3315.0,3030.0,378.0,785.0,170.0,11.0,90.0,359.0,65.0,20.0,211.0,701.0,0.259,0.311,0.41200000000000003,0.723,1247.0,76.0,32.0,10.0,30.0,14.0,26.0,0.306,106.0,100.0,Minute Maid Park
as LHB@HOU-MinuteMaidPk,HOU,L,2014.0,161.0,2799.0,2476.0,302.0,596.0,93.0,18.0,73.0,284.0,40.0,11.0,269.0,607.0,0.24100000000000002,0.321,0.381,0.7020000000000001,944.0,40.0,28.0,12.0,13.0,13.0,23.0,0.289,101.0,100.0,Minute Maid Park
as RHB@KC-KauffmanStad,KC,R,2014.0,162.0,3435.0,3136.0,375.0,827.0,158.0,16.0,60.0,354.0,67.0,22.0,213.0,602.0,0.264,0.315,0.382,0.6970000000000001,1197.0,71.0,39.0,10.0,37.0,14.0,25.0,0.305,99.0,100.0,Kauffman Stadium
as LHB@KC-KauffmanStad,KC,L,2014.0,161.0,2605.0,2368.0,267.0,600.0,117.0,15.0,42.0,250.0,65.0,16.0,187.0,454.0,0.253,0.311,0.369,0.679,873.0,47.0,18.0,13.0,19.0,5.0,9.0,0.295,95.0,100.0,Kauffman Stadium
as RHB@LAD-Dodger Stad,LAD,R,2014.0,162.0,3754.0,3405.0,395.0,801.0,190.0,4.0,92.0,376.0,70.0,32.0,265.0,862.0,0.235,0.294,0.374,0.6679999999999999,1275.0,79.0,26.0,32.0,24.0,16.0,48.0,0.28600000000000003,91.0,100.0,Dodger Stadium
as LHB@LAD-Dodger Stad,LAD,L,2014.0,161.0,2331.0,2114.0,240.0,540.0,100.0,12.0,60.0,226.0,36.0,20.0,167.0,458.0,0.255,0.313,0.39899999999999997,0.7120000000000001,844.0,26.0,17.0,17.0,16.0,21.0,21.0,0.298,103.0,100.0,Dodger Stadium
as RHB@MIA-Marlins Pk,MIA,R,2014.0,162.0,3671.0,3301.0,443.0,876.0,170.0,28.0,69.0,422.0,56.0,19.0,267.0,753.0,0.265,0.321,0.397,0.718,1309.0,113.0,20.0,53.0,30.0,28.0,25.0,0.322,105.0,100.0,Marlins Park
as LHB@MIA-Marlins Pk,MIA,L,2014.0,162.0,2487.0,2237.0,221.0,555.0,102.0,22.0,35.0,209.0,32.0,7.0,199.0,480.0,0.248,0.313,0.36,0.6729999999999999,806.0,41.0,18.0,20.0,13.0,21.0,16.0,0.3,93.0,100.0,Marlins Park
as RHB@MIL-Miller Pk,MIL,R,2014.0,162.0,4029.0,3621.0,434.0,897.0,166.0,11.0,115.0,416.0,70.0,21.0,280.0,797.0,0.248,0.308,0.395,0.7020000000000001,1430.0,98.0,45.0,56.0,27.0,12.0,45.0,0.28600000000000003,100.0,100.0,Miller Park
as LHB@MIL-Miller Pk,MIL,L,2014.0,156.0,1990.0,1811.0,220.0,457.0,87.0,6.0,54.0,214.0,35.0,14.0,142.0,417.0,0.252,0.308,0.396,0.7040000000000001,718.0,26.0,9.0,14.0,13.0,7.0,14.0,0.298,101.0,100.0,Miller Park
as RHB@MIN-Target Field,MIN,R,2014.0,162.0,3426.0,3092.0,467.0,847.0,201.0,14.0,89.0,446.0,59.0,11.0,256.0,623.0,0.27399999999999997,0.332,0.434,0.7659999999999999,1343.0,64.0,28.0,15.0,35.0,8.0,33.0,0.314,118.0,100.0,Target Field
as LHB@MIN-Target Field,MIN,L,2014.0,162.0,2910.0,2617.0,320.0,711.0,128.0,24.0,50.0,302.0,42.0,16.0,238.0,514.0,0.272,0.335,0.396,0.731,1037.0,46.0,20.0,18.0,17.0,18.0,28.0,0.319,109.0,100.0,Target Field
as LHB@NYM-Citi Field,NYM,L,2014.0,162.0,2729.0,2401.0,257.0,561.0,131.0,8.0,61.0,245.0,40.0,10.0,274.0,519.0,0.23399999999999999,0.316,0.371,0.687,891.0,51.0,22.0,19.0,13.0,17.0,23.0,0.273,97.0,100.0,Citi Field
as RHB@NYM-Citi Field,NYM,R,2014.0,162.0,3358.0,3031.0,315.0,720.0,142.0,12.0,69.0,297.0,49.0,15.0,234.0,749.0,0.23800000000000002,0.298,0.361,0.659,1093.0,70.0,35.0,42.0,16.0,18.0,33.0,0.292,88.0,100.0,Citi Field
as LHB@NYY-Yankee Stad3,NYY,L,2014.0,162.0,3445.0,3102.0,359.0,771.0,123.0,14.0,109.0,344.0,60.0,20.0,269.0,697.0,0.249,0.312,0.40299999999999997,0.7140000000000001,1249.0,44.0,28.0,18.0,28.0,13.0,24.0,0.285,104.0,100.0,Yankee Stadium
as RHB@NYY-Yankee Stad3,NYY,R,2014.0,162.0,2635.0,2417.0,271.0,603.0,113.0,5.0,76.0,259.0,42.0,12.0,148.0,595.0,0.249,0.299,0.395,0.6940000000000001,954.0,45.0,32.0,19.0,19.0,12.0,28.0,0.299,98.0,100.0,Yankee Stadium
as RHB@OAK-O.co Colis,OAK,R,2014.0,162.0,3079.0,2788.0,349.0,662.0,120.0,4.0,77.0,332.0,51.0,11.0,230.0,585.0,0.237,0.3,0.366,0.6659999999999999,1021.0,75.0,26.0,14.0,20.0,14.0,37.0,0.273,90.0,100.0,Oakland Alameda County Coliseum
as LHB@OAK-O.co Colis,OAK,L,2014.0,161.0,3017.0,2672.0,309.0,664.0,124.0,20.0,62.0,292.0,49.0,15.0,278.0,546.0,0.249,0.32299999999999995,0.379,0.7020000000000001,1014.0,36.0,26.0,17.0,23.0,16.0,23.0,0.28800000000000003,101.0,100.0,Oakland Alameda County Coliseum
as RHB@PHI-CitizensBank,PHI,R,2014.0,162.0,3053.0,2748.0,327.0,667.0,131.0,13.0,81.0,305.0,42.0,18.0,203.0,702.0,0.243,0.302,0.38799999999999996,0.691,1067.0,59.0,41.0,41.0,20.0,15.0,32.0,0.295,97.0,100.0,Citizens Bank Park
as LHB@PHI-CitizensBank,PHI,L,2014.0,162.0,3235.0,2899.0,302.0,691.0,124.0,14.0,61.0,283.0,61.0,17.0,280.0,649.0,0.23800000000000002,0.309,0.354,0.6629999999999999,1026.0,52.0,20.0,27.0,9.0,22.0,26.0,0.287,90.0,100.0,Citizens Bank Park
as RHB@PIT-PNC Pk,PIT,R,2014.0,162.0,3933.0,3504.0,395.0,908.0,177.0,21.0,63.0,373.0,66.0,39.0,285.0,742.0,0.259,0.325,0.376,0.701,1316.0,91.0,68.0,56.0,20.0,27.0,46.0,0.311,101.0,100.0,PNC Park
as LHB@PIT-PNC Pk,PIT,L,2014.0,161.0,2282.0,2002.0,254.0,509.0,88.0,4.0,55.0,244.0,43.0,13.0,221.0,412.0,0.254,0.33299999999999996,0.385,0.718,770.0,42.0,27.0,11.0,21.0,21.0,9.0,0.292,106.0,100.0,PNC Park
as RHB@SDP-Petco Pk,SD,R,2014.0,162.0,3009.0,2699.0,251.0,605.0,122.0,8.0,49.0,236.0,59.0,14.0,234.0,702.0,0.22399999999999998,0.289,0.33,0.619,890.0,65.0,19.0,39.0,18.0,16.0,24.0,0.28300000000000003,78.0,100.0,Petco Park
as LHB@SDP-Petco Pk,SD,L,2014.0,162.0,2925.0,2624.0,252.0,590.0,107.0,17.0,52.0,237.0,40.0,19.0,244.0,602.0,0.225,0.292,0.33799999999999997,0.63,887.0,49.0,14.0,23.0,19.0,18.0,22.0,0.27,81.0,100.0,Petco Park
as RHB@SEA-Safeco Fld,SEA,R,2014.0,162.0,2558.0,2338.0,229.0,493.0,87.0,4.0,59.0,210.0,38.0,18.0,157.0,623.0,0.21100000000000002,0.26899999999999996,0.327,0.596,765.0,59.0,35.0,8.0,20.0,9.0,15.0,0.259,70.0,100.0,T-Mobile Park
as LHB@SEA-Safeco Fld,SEA,L,2014.0,161.0,3257.0,2965.0,308.0,716.0,122.0,13.0,81.0,294.0,47.0,16.0,245.0,656.0,0.24100000000000002,0.301,0.373,0.674,1107.0,54.0,13.0,17.0,17.0,16.0,27.0,0.28300000000000003,93.0,100.0,T-Mobile Park
as RHB@SFG-AT&T Pk,SF,R,2014.0,162.0,3279.0,2985.0,325.0,689.0,134.0,27.0,66.0,311.0,45.0,26.0,212.0,743.0,0.231,0.28600000000000003,0.36,0.6459999999999999,1075.0,75.0,26.0,33.0,23.0,20.0,31.0,0.28300000000000003,84.0,100.0,Oracle Park
as LHB@SFG-AT&T Pk,SF,L,2014.0,162.0,2668.0,2414.0,288.0,633.0,116.0,31.0,41.0,272.0,22.0,16.0,193.0,516.0,0.262,0.319,0.387,0.706,934.0,44.0,20.0,13.0,28.0,13.0,24.0,0.314,102.0,100.0,Oracle Park
as LHB@STL-Busch Stad 3,STL,L,2014.0,162.0,2665.0,2353.0,271.0,600.0,115.0,17.0,43.0,259.0,24.0,14.0,230.0,434.0,0.255,0.32799999999999996,0.373,0.701,878.0,49.0,38.0,19.0,25.0,23.0,22.0,0.293,101.0,100.0,Busch Stadium
as RHB@STL-Busch Stad 3,STL,R,2014.0,162.0,3482.0,3109.0,369.0,750.0,172.0,11.0,69.0,350.0,38.0,23.0,260.0,701.0,0.24100000000000002,0.308,0.37,0.679,1151.0,92.0,50.0,45.0,18.0,17.0,26.0,0.289,94.0,100.0,Busch Stadium
as RHB@TBR-TropicanaFld,TB,R,2014.0,162.0,3660.0,3264.0,377.0,772.0,128.0,6.0,78.0,365.0,47.0,12.0,297.0,764.0,0.237,0.306,0.35100000000000003,0.6579999999999999,1146.0,65.0,45.0,25.0,29.0,18.0,32.0,0.28300000000000003,88.0,100.0,Tropicana Field
as RHB@ARI-SydneyCricGr,ARI,R,2014.0,4.0,103.0,87.0,11.0,20.0,4.0,0.0,2.0,11.0,0.0,0.0,13.0,22.0,0.23,0.34299999999999997,0.345,0.688,30.0,2.0,2.0,1.0,0.0,0.0,3.0,0.28600000000000003,99.0,100.0,Chase Field
as LHB@TBR-TropicanaFld,TB,L,2014.0,161.0,2537.0,2243.0,242.0,537.0,106.0,11.0,39.0,235.0,30.0,6.0,233.0,523.0,0.239,0.313,0.349,0.662,782.0,39.0,21.0,9.0,31.0,18.0,13.0,0.29100000000000004,90.0,100.0,Tropicana Field
as LHB@ARI-SydneyCricGr,ARI,L,2014.0,4.0,59.0,48.0,5.0,11.0,2.0,0.0,0.0,4.0,1.0,0.0,8.0,14.0,0.22899999999999998,0.33899999999999997,0.271,0.61,13.0,1.0,1.0,0.0,2.0,0.0,1.0,0.306,78.0,100.0,Chase Field
as RHB@TOR-Rogers Ctr,TOR,R,2014.0,162.0,3224.0,2924.0,385.0,740.0,151.0,13.0,112.0,375.0,44.0,10.0,240.0,610.0,0.253,0.315,0.429,0.7440000000000001,1253.0,75.0,33.0,9.0,18.0,21.0,29.0,0.28300000000000003,112.0,100.0,Rogers Centre
as LHB@TOR-Rogers Ctr,TOR,L,2014.0,161.0,2958.0,2669.0,334.0,699.0,171.0,19.0,74.0,310.0,49.0,14.0,236.0,638.0,0.262,0.325,0.423,0.748,1130.0,45.0,21.0,17.0,15.0,8.0,31.0,0.317,113.0,100.0,Rogers Centre
as RHB@WSN-Natls Park,WSH,R,2014.0,162.0,3479.0,3150.0,401.0,795.0,155.0,8.0,64.0,373.0,51.0,27.0,235.0,779.0,0.252,0.309,0.368,0.6759999999999999,1158.0,82.0,33.0,34.0,27.0,11.0,36.0,0.313,94.0,100.0,Nationals Park
as LHB@WSN-Natls Park,WSH,L,2014.0,162.0,2692.0,2425.0,240.0,632.0,114.0,7.0,44.0,221.0,38.0,14.0,216.0,535.0,0.261,0.32299999999999995,0.368,0.69,892.0,32.0,14.0,20.0,17.0,20.0,21.0,0.316,98.0,100.0,Nationals Park
as RHB@LAA-Angel Stad,LAA,R,2015.0,162.0,3779.0,3397.0,410.0,824.0,156.0,15.0,115.0,381.0,47.0,20.0,289.0,748.0,0.243,0.307,0.39899999999999997,0.706,1355.0,76.0,41.0,25.0,26.0,29.0,40.0,0.27699999999999997,95.0,100.0,Angel Stadium
as LHB@LAA-Angel Stad,LAA,L,2015.0,161.0,2237.0,2002.0,208.0,477.0,83.0,2.0,49.0,197.0,25.0,23.0,167.0,489.0,0.23800000000000002,0.303,0.355,0.6579999999999999,711.0,29.0,28.0,20.0,19.0,15.0,15.0,0.289,83.0,100.0,Angel Stadium
as RHB@TEX-Rangers Bpk,TEX,R,2015.0,162.0,3387.0,3024.0,408.0,816.0,169.0,23.0,89.0,387.0,45.0,9.0,280.0,585.0,0.27,0.335,0.429,0.764,1298.0,83.0,30.0,24.0,29.0,10.0,36.0,0.306,112.0,100.0,Globe Life Park in Arlington
as LHB@TEX-Rangers Bpk,TEX,L,2015.0,162.0,2907.0,2579.0,383.0,696.0,124.0,12.0,88.0,369.0,56.0,21.0,257.0,539.0,0.27,0.34299999999999997,0.43,0.773,1108.0,52.0,42.0,3.0,23.0,19.0,27.0,0.308,114.0,100.0,Globe Life Park in Arlington
as LHB@ARI-Chase Field,ARI,L,2015.0,162.0,2265.0,2031.0,259.0,556.0,114.0,22.0,56.0,244.0,41.0,11.0,190.0,439.0,0.27399999999999997,0.33799999999999997,0.434,0.772,882.0,42.0,15.0,12.0,15.0,15.0,23.0,0.322,114.0,100.0,Chase Field
as RHB@ARI-Chase Field,ARI,R,2015.0,162.0,4017.0,3613.0,479.0,950.0,218.0,28.0,99.0,456.0,63.0,24.0,311.0,844.0,0.263,0.322,0.42100000000000004,0.743,1521.0,90.0,24.0,27.0,41.0,38.0,41.0,0.314,106.0,100.0,Chase Field
as RHB@ATL-Turner Fld,ATL,R,2015.0,162.0,3221.0,2881.0,342.0,693.0,125.0,11.0,63.0,321.0,42.0,15.0,250.0,661.0,0.24100000000000002,0.307,0.35700000000000004,0.664,1029.0,99.0,32.0,39.0,18.0,18.0,34.0,0.29,85.0,100.0,SunTrust Park
as LHB@ATL-Turner Fld,ATL,L,2015.0,162.0,2884.0,2528.0,303.0,656.0,139.0,11.0,50.0,288.0,40.0,22.0,288.0,505.0,0.259,0.33799999999999997,0.38299999999999995,0.72,967.0,64.0,23.0,20.0,23.0,18.0,27.0,0.304,101.0,100.0,SunTrust Park
as RHB@BAL-Camden Yards,BAL,R,2015.0,156.0,3321.0,3041.0,430.0,817.0,151.0,10.0,132.0,404.0,24.0,16.0,223.0,639.0,0.26899999999999996,0.321,0.455,0.777,1384.0,84.0,25.0,7.0,24.0,8.0,35.0,0.299,114.0,100.0,Oriole Park at Camden Yards
as LHB@BAL-Camden Yards,BAL,L,2015.0,156.0,2602.0,2354.0,319.0,599.0,117.0,8.0,90.0,309.0,24.0,8.0,196.0,567.0,0.254,0.317,0.426,0.743,1002.0,38.0,26.0,11.0,14.0,11.0,16.0,0.297,105.0,100.0,Oriole Park at Camden Yards
as RHB@BOS-Fenway Pk,BOS,R,2015.0,162.0,3567.0,3242.0,459.0,896.0,170.0,14.0,101.0,429.0,39.0,13.0,254.0,664.0,0.276,0.33399999999999996,0.431,0.764,1397.0,74.0,36.0,11.0,24.0,11.0,44.0,0.318,112.0,100.0,Fenway Park
as LHB@BOS-Fenway Pk,BOS,L,2015.0,162.0,2674.0,2411.0,357.0,668.0,163.0,19.0,66.0,335.0,35.0,15.0,204.0,508.0,0.27699999999999997,0.33799999999999997,0.44299999999999995,0.7809999999999999,1067.0,60.0,26.0,17.0,15.0,11.0,32.0,0.325,116.0,100.0,Fenway Park
as RHB@CHC-Wrigley Fld,CHC,R,2015.0,162.0,3482.0,3171.0,395.0,756.0,148.0,21.0,97.0,376.0,75.0,28.0,236.0,856.0,0.23800000000000002,0.295,0.39,0.685,1237.0,58.0,28.0,25.0,22.0,17.0,34.0,0.294,89.0,100.0,Wrigley Field
as LHB@CHC-Wrigley Fld,CHC,L,2015.0,162.0,2560.0,2234.0,237.0,508.0,99.0,14.0,74.0,230.0,50.0,12.0,258.0,599.0,0.22699999999999998,0.317,0.384,0.701,857.0,33.0,40.0,20.0,8.0,16.0,20.0,0.27699999999999997,95.0,100.0,Wrigley Field
as RHB@CWS-US Cellular,CWS,R,2015.0,162.0,3817.0,3449.0,396.0,880.0,158.0,12.0,105.0,374.0,44.0,25.0,290.0,829.0,0.255,0.318,0.39899999999999997,0.7170000000000001,1377.0,84.0,37.0,20.0,21.0,18.0,40.0,0.306,99.0,100.0,Guaranteed Rate Field
as LHB@CWS-US Cellular,CWS,L,2015.0,158.0,2391.0,2134.0,232.0,498.0,90.0,18.0,52.0,224.0,26.0,15.0,195.0,511.0,0.233,0.302,0.366,0.6679999999999999,780.0,36.0,25.0,15.0,20.0,16.0,19.0,0.28,86.0,100.0,Guaranteed Rate Field
as RHB@CIN-GreatAmer BP,CIN,R,2015.0,162.0,3623.0,3279.0,418.0,814.0,153.0,12.0,105.0,404.0,80.0,19.0,251.0,805.0,0.248,0.307,0.39799999999999996,0.705,1306.0,64.0,36.0,35.0,22.0,15.0,29.0,0.297,95.0,100.0,Great American Ball Park
as LHB@CIN-GreatAmer BP,CIN,L,2015.0,162.0,2743.0,2391.0,317.0,646.0,140.0,4.0,78.0,301.0,43.0,8.0,294.0,512.0,0.27,0.35200000000000004,0.43,0.782,1028.0,40.0,23.0,11.0,24.0,23.0,15.0,0.311,117.0,100.0,Great American Ball Park
as RHB@CLE-Progressive,CLE,R,2015.0,160.0,2793.0,2531.0,338.0,645.0,135.0,9.0,74.0,324.0,37.0,13.0,209.0,626.0,0.255,0.314,0.40299999999999997,0.7170000000000001,1020.0,80.0,19.0,14.0,20.0,13.0,26.0,0.308,99.0,100.0,Progressive Field
as LHB@CLE-Progressive,CLE,L,2015.0,160.0,3280.0,2922.0,388.0,785.0,192.0,17.0,75.0,368.0,36.0,22.0,293.0,657.0,0.26899999999999996,0.337,0.423,0.76,1236.0,50.0,22.0,20.0,23.0,15.0,22.0,0.321,111.0,100.0,Progressive Field
as RHB@COL-Coors Fld,COL,R,2015.0,162.0,3762.0,3398.0,579.0,1026.0,213.0,32.0,120.0,550.0,62.0,19.0,286.0,693.0,0.302,0.35700000000000004,0.489,0.847,1663.0,102.0,21.0,33.0,24.0,32.0,31.0,0.34700000000000003,133.0,100.0,Coors Field
as LHB@COL-Coors Fld,COL,L,2015.0,162.0,2604.0,2333.0,353.0,703.0,139.0,28.0,82.0,346.0,44.0,17.0,211.0,439.0,0.301,0.36200000000000004,0.49,0.852,1144.0,48.0,20.0,24.0,16.0,15.0,22.0,0.34,135.0,100.0,Coors Field
as RHB@DET-Comerica Pk,DET,R,2015.0,162.0,4051.0,3688.0,483.0,1003.0,197.0,44.0,106.0,459.0,50.0,35.0,281.0,754.0,0.272,0.326,0.435,0.762,1606.0,106.0,31.0,23.0,28.0,25.0,31.0,0.314,110.0,100.0,Comerica Park
as LHB@DET-Comerica Pk,DET,L,2015.0,159.0,2156.0,1918.0,229.0,483.0,86.0,19.0,47.0,218.0,28.0,15.0,191.0,405.0,0.252,0.322,0.39,0.7120000000000001,748.0,42.0,16.0,14.0,17.0,17.0,18.0,0.294,98.0,100.0,Comerica Park
as RHB@HOU-MinuteMaidPk,HOU,R,2015.0,162.0,3507.0,3185.0,393.0,816.0,150.0,22.0,121.0,376.0,49.0,18.0,263.0,799.0,0.256,0.315,0.431,0.746,1373.0,66.0,21.0,15.0,23.0,12.0,30.0,0.304,106.0,100.0,Minute Maid Park
as LHB@HOU-MinuteMaidPk,HOU,L,2015.0,162.0,2417.0,2190.0,255.0,488.0,110.0,16.0,77.0,243.0,42.0,16.0,180.0,586.0,0.223,0.285,0.39299999999999996,0.6779999999999999,861.0,52.0,19.0,9.0,19.0,4.0,12.0,0.266,87.0,100.0,Minute Maid Park
as RHB@KC-KauffmanStad,KC,R,2015.0,162.0,3386.0,3111.0,372.0,816.0,162.0,24.0,60.0,358.0,57.0,12.0,191.0,542.0,0.262,0.31,0.38799999999999996,0.698,1206.0,80.0,36.0,21.0,27.0,4.0,24.0,0.298,94.0,100.0,Kauffman Stadium
as LHB@KC-KauffmanStad,KC,L,2015.0,162.0,2607.0,2327.0,317.0,615.0,147.0,24.0,70.0,307.0,46.0,10.0,220.0,461.0,0.264,0.332,0.43799999999999994,0.7709999999999999,1020.0,43.0,27.0,12.0,21.0,7.0,18.0,0.3,113.0,100.0,Kauffman Stadium
as RHB@LAD-Dodger Stad,LAD,R,2015.0,162.0,3299.0,3026.0,337.0,742.0,143.0,11.0,85.0,330.0,36.0,19.0,201.0,751.0,0.245,0.29600000000000004,0.384,0.68,1162.0,67.0,25.0,27.0,20.0,16.0,25.0,0.297,88.0,100.0,Dodger Stadium
as LHB@LAD-Dodger Stad,LAD,L,2015.0,162.0,2645.0,2369.0,267.0,554.0,110.0,7.0,81.0,252.0,34.0,21.0,222.0,587.0,0.23399999999999999,0.305,0.389,0.6940000000000001,921.0,40.0,26.0,17.0,9.0,12.0,14.0,0.27699999999999997,92.0,100.0,Dodger Stadium
as RHB@MIA-Marlins Pk,MIA,R,2015.0,162.0,3545.0,3211.0,382.0,775.0,148.0,20.0,64.0,356.0,67.0,14.0,229.0,666.0,0.24100000000000002,0.295,0.36,0.655,1155.0,95.0,27.0,49.0,29.0,17.0,25.0,0.28300000000000003,82.0,100.0,Marlins Park
as LHB@MIA-Marlins Pk,MIA,L,2015.0,162.0,2523.0,2243.0,247.0,615.0,101.0,18.0,47.0,239.0,34.0,17.0,229.0,489.0,0.27399999999999997,0.34299999999999997,0.39799999999999996,0.741,893.0,50.0,13.0,22.0,16.0,17.0,10.0,0.33,107.0,100.0,Marlins Park
as RHB@MIL-Miller Pk,MIL,R,2015.0,162.0,3703.0,3350.0,423.0,794.0,161.0,21.0,109.0,403.0,41.0,18.0,265.0,839.0,0.237,0.298,0.395,0.693,1324.0,80.0,32.0,36.0,20.0,18.0,33.0,0.28300000000000003,92.0,100.0,Miller Park
as LHB@MIL-Miller Pk,MIL,L,2015.0,162.0,2439.0,2195.0,307.0,618.0,129.0,15.0,80.0,291.0,46.0,16.0,201.0,463.0,0.282,0.344,0.46299999999999997,0.807,1017.0,34.0,15.0,12.0,14.0,20.0,15.0,0.32299999999999995,123.0,100.0,Miller Park
as RHB@MIN-Target Field,MIN,R,2015.0,162.0,3531.0,3223.0,428.0,853.0,170.0,11.0,114.0,408.0,41.0,16.0,233.0,639.0,0.265,0.318,0.43,0.748,1387.0,92.0,31.0,18.0,26.0,12.0,38.0,0.29600000000000004,107.0,100.0,Target Field
as LHB@MIN-Target Field,MIN,L,2015.0,162.0,2546.0,2321.0,268.0,602.0,113.0,20.0,50.0,255.0,28.0,15.0,183.0,468.0,0.259,0.315,0.39,0.705,905.0,52.0,13.0,14.0,15.0,18.0,28.0,0.304,96.0,100.0,Target Field
as LHB@NYM-Citi Field,NYM,L,2015.0,161.0,2633.0,2373.0,292.0,586.0,122.0,7.0,91.0,285.0,26.0,10.0,212.0,571.0,0.247,0.313,0.419,0.732,995.0,50.0,21.0,13.0,13.0,25.0,15.0,0.287,102.0,100.0,Citi Field
as RHB@NYM-Citi Field,NYM,R,2015.0,162.0,3399.0,3094.0,311.0,698.0,134.0,12.0,73.0,300.0,31.0,17.0,223.0,747.0,0.226,0.281,0.34700000000000003,0.629,1075.0,70.0,27.0,31.0,24.0,22.0,31.0,0.272,74.0,100.0,Citi Field
as LHB@NYY-Yankee Stad3,NYY,L,2015.0,162.0,3395.0,3045.0,416.0,775.0,151.0,11.0,121.0,398.0,35.0,21.0,279.0,651.0,0.255,0.322,0.431,0.753,1311.0,47.0,35.0,11.0,23.0,7.0,35.0,0.285,108.0,100.0,Yankee Stadium
as RHB@NYY-Yankee Stad3,NYY,R,2015.0,162.0,2872.0,2566.0,323.0,613.0,99.0,6.0,98.0,310.0,29.0,11.0,235.0,664.0,0.239,0.309,0.397,0.706,1018.0,59.0,34.0,16.0,20.0,15.0,21.0,0.282,96.0,100.0,Yankee Stadium
as RHB@OAK-O.co Colis,OAK,R,2015.0,162.0,3385.0,3081.0,397.0,779.0,157.0,17.0,82.0,378.0,45.0,25.0,237.0,620.0,0.253,0.308,0.395,0.703,1216.0,88.0,24.0,13.0,30.0,9.0,38.0,0.289,95.0,100.0,Oakland Alameda County Coliseum
as LHB@OAK-O.co Colis,OAK,L,2015.0,161.0,2709.0,2449.0,294.0,599.0,110.0,15.0,57.0,282.0,28.0,15.0,214.0,453.0,0.245,0.308,0.37200000000000005,0.679,910.0,44.0,18.0,9.0,18.0,12.0,32.0,0.27699999999999997,89.0,100.0,Oakland Alameda County Coliseum
as RHB@PHI-CitizensBank,PHI,R,2015.0,162.0,3072.0,2793.0,381.0,715.0,129.0,11.0,97.0,360.0,40.0,20.0,192.0,660.0,0.256,0.31,0.414,0.7240000000000001,1157.0,68.0,32.0,40.0,14.0,7.0,46.0,0.301,100.0,100.0,Citizens Bank Park
as LHB@PHI-CitizensBank,PHI,L,2015.0,162.0,3147.0,2828.0,350.0,751.0,149.0,17.0,74.0,328.0,39.0,14.0,256.0,579.0,0.266,0.331,0.409,0.74,1156.0,52.0,29.0,17.0,17.0,16.0,43.0,0.309,105.0,100.0,Citizens Bank Park
as RHB@PIT-PNC Pk,PIT,R,2015.0,162.0,4088.0,3706.0,419.0,962.0,171.0,15.0,83.0,389.0,84.0,31.0,273.0,852.0,0.26,0.318,0.381,0.6990000000000001,1412.0,100.0,53.0,37.0,19.0,20.0,40.0,0.315,94.0,100.0,PNC Park
as LHB@PIT-PNC Pk,PIT,L,2015.0,160.0,2141.0,1899.0,205.0,437.0,85.0,8.0,47.0,197.0,33.0,16.0,184.0,459.0,0.23,0.305,0.358,0.662,679.0,44.0,27.0,14.0,16.0,23.0,25.0,0.27699999999999997,85.0,100.0,PNC Park
as RHB@SDP-Petco Pk,SD,R,2015.0,162.0,3477.0,3159.0,403.0,751.0,142.0,15.0,96.0,379.0,59.0,33.0,230.0,879.0,0.23800000000000002,0.293,0.38299999999999995,0.6759999999999999,1211.0,79.0,28.0,33.0,26.0,7.0,45.0,0.29600000000000004,87.0,100.0,Petco Park
as LHB@SDP-Petco Pk,SD,L,2015.0,162.0,2540.0,2252.0,263.0,573.0,116.0,23.0,70.0,244.0,49.0,13.0,239.0,524.0,0.254,0.332,0.42,0.7509999999999999,945.0,48.0,26.0,13.0,10.0,19.0,14.0,0.302,108.0,100.0,Petco Park
as RHB@SEA-Safeco Fld,SEA,R,2015.0,162.0,3272.0,2957.0,363.0,695.0,121.0,9.0,102.0,339.0,32.0,28.0,235.0,778.0,0.235,0.298,0.386,0.6829999999999999,1140.0,57.0,36.0,25.0,18.0,13.0,39.0,0.28300000000000003,89.0,100.0,T-Mobile Park
as LHB@SEA-Safeco Fld,SEA,L,2015.0,162.0,2855.0,2561.0,283.0,649.0,127.0,11.0,78.0,270.0,29.0,23.0,238.0,586.0,0.253,0.32,0.40299999999999997,0.723,1032.0,51.0,23.0,13.0,20.0,17.0,26.0,0.298,101.0,100.0,T-Mobile Park
as RHB@SFG-AT&T Pk,SF,,2015.0,162.0,3277.0,2996.0,345.0,723.0,131.0,24.0,63.0,332.0,58.0,24.0,216.0,697.0,0.24100000000000002,0.29600000000000004,0.364,0.66,1091.0,81.0,22.0,29.0,14.0,10.0,32.0,0.293,83.0,100.0,Oracle Park
as LHB@SFG-AT&T Pk,SF,L,2015.0,162.0,2714.0,2446.0,261.0,631.0,113.0,32.0,46.0,246.0,34.0,10.0,225.0,471.0,0.258,0.322,0.387,0.7090000000000001,946.0,49.0,15.0,9.0,19.0,11.0,14.0,0.3,97.0,100.0,Oracle Park
as LHB@STL-Busch Stad 3,STL,L,2015.0,161.0,2482.0,2197.0,221.0,575.0,105.0,13.0,51.0,214.0,24.0,18.0,222.0,436.0,0.262,0.336,0.391,0.727,859.0,40.0,30.0,20.0,13.0,29.0,16.0,0.304,103.0,100.0,Busch Stadium
as RHB@STL-Busch Stad 3,STL,R,2015.0,162.0,3656.0,3325.0,344.0,834.0,160.0,20.0,69.0,323.0,35.0,21.0,250.0,804.0,0.251,0.305,0.373,0.6779999999999999,1241.0,94.0,19.0,41.0,21.0,23.0,37.0,0.309,88.0,100.0,Busch Stadium
as RHB@TBR-TropicanaFld,TB,R,2015.0,168.0,3549.0,3213.0,369.0,773.0,136.0,8.0,103.0,351.0,56.0,21.0,253.0,855.0,0.24100000000000002,0.304,0.384,0.688,1234.0,67.0,50.0,10.0,23.0,9.0,21.0,0.294,91.0,100.0,Tropicana Field
as LHB@TBR-TropicanaFld,TB,L,2015.0,167.0,2641.0,2404.0,278.0,583.0,105.0,14.0,71.0,263.0,40.0,20.0,195.0,582.0,0.243,0.302,0.386,0.688,929.0,36.0,16.0,7.0,18.0,11.0,23.0,0.289,91.0,100.0,Tropicana Field
as RHB@TOR-Rogers Ctr,TOR,R,2015.0,162.0,3768.0,3359.0,506.0,871.0,200.0,10.0,148.0,493.0,45.0,12.0,316.0,682.0,0.259,0.326,0.457,0.7829999999999999,1535.0,82.0,38.0,11.0,43.0,13.0,26.0,0.281,116.0,100.0,Rogers Centre
as LHB@TOR-Rogers Ctr,TOR,L,2015.0,162.0,2239.0,2035.0,236.0,491.0,98.0,13.0,55.0,222.0,29.0,21.0,167.0,417.0,0.24100000000000002,0.3,0.38299999999999995,0.684,780.0,36.0,10.0,14.0,12.0,4.0,10.0,0.27699999999999997,89.0,100.0,Rogers Centre
as RHB@WSN-Natls Park,WSH,R,2015.0,162.0,3656.0,3329.0,415.0,819.0,152.0,6.0,95.0,393.0,34.0,17.0,232.0,875.0,0.24600000000000002,0.297,0.381,0.6779999999999999,1268.0,72.0,25.0,36.0,34.0,14.0,39.0,0.303,88.0,100.0,Nationals Park
as LHB@WSN-Natls Park,WSH,L,2015.0,162.0,2390.0,2119.0,254.0,540.0,106.0,8.0,68.0,242.0,14.0,6.0,229.0,440.0,0.255,0.33,0.409,0.738,866.0,41.0,13.0,16.0,12.0,33.0,21.0,0.29100000000000004,105.0,100.0,Nationals Park
,,,,,,,,,,,,,,,,,,,,,,,,,,,,,,,
